Position,Name,,,,,,,,,,,,,
Quarterback , Dequan Finn,,,,,,,,,,,,,
Offensive Lineman , Corey Stewart,,,,,,,,,,,,,
Offensive Lineman , Nolan Potter,,,,,,,,,,,,,
Offensive Lineman , Nick Rosi,,,,,,,,,,,,,
Offensive Lineman , Vinny Sciury,,,,,,,,,,,,,
Offensive Lineman , Jacob Gideon,,,,,,,,,,,,,
Tight End , Harold Fannin Jr.,,,,,,,,,,,,,
Wide Receiver , Chrishon McCray,,,,,,,,,,,,,
Wide Receiver , Sam Wiglusz,,,,,,,,,,,,,
Wide Receiver , Jerjuan Newton,,,,,,,,,,,,,
Wide Receiver , Kenneth Womack,,,,,,,,,,,,,
Running Back , Antario Brown,,,,,,,,,,,,,
Running Back , Peny Boone,,,,,,,,,,,,,
Placekicker , Graham Nicholson,,,,,,,,,,,,,
Down Lineman , CJ Nunnally,,,,,,,,,,,,,
Down Lineman , Sidney Houston,,,,,,,,,,,,,
Down Lineman , Caiden Woullard,,,,,,,,,,,,,
Down Lineman , Judge Culpepper,,,,,,,,,,,,,
Linebacker , Matt Salopek,,,,,,,,,,,,,
Linebacker , Bryce Houston,,,,,,,,,,,,,
Linebacker , Keye Thompson,,,,,,,,,,,,,
Linebacker , Dallas Gant,,,,,,,,,,,,,
Defensive Back , Jalen Huskey,,,,,,,,,,,,,
Defensive Back , Devin Grant,,,,,,,,,,,,,
Defensive Back , Quinyon Mitchell,,,,,,,,,,,,,
Defensive Back , Maxen Hook,,,,,,,,,,,,,
Punter , Mitchell Tomasek,,,,,,,,,,,,,
Kickoff Return Specialist , Marion Lukes,,,,,,,,,,,,,
Kickoff Return Specialist , Jacquez Stuart,,,,,,,,,,,,,
Quarterback , Kurtis Rourke,,,,,,,,,,,,,
Offensive Lineman , Deiyantei Powell,,,,,,,,,,,,,
Offensive Lineman , Brayden Swartout,,,,,,,,,,,,,
Offensive Lineman , Brian Dooley,,,,,,,,,,,,,
Offensive Lineman , Will Jados,,,,,,,,,,,,,
Offensive Lineman , Reid Holskey,,,,,,,,,,,,,
Tight End , Anthony Torres,,,,,,,,,,,,,
Wide Receiver , Daniel George,,,,,,,,,,,,,
Wide Receiver , Jasaiah Gathings,,,,,,,,,,,,,
Wide Receiver , Tanner Knue,,,,,,,,,,,,,
Wide Receiver , Jesse Prewitt III,,,,,,,,,,,,,
Running Back , Marquez Cooper,,,,,,,,,,,,,
Running Back , Terion Stewart,,,,,,,,,,,,,
Placekicker , Andrew Glass,,,,,,,,,,,,,
Down Lineman , Jacques Bristol,,,,,,,,,,,,,
Down Lineman , Brian Ugwu,,,,,,,,,,,,,
Down Lineman , James Ester,,,,,,,,,,,,,
Down Lineman , Marshawn Kneeland,,,,,,,,,,,,,
Linebacker , Cole Pearce,,,,,,,,,,,,,
Linebacker , Darren Anders,,,,,,,,,,,,,
Linebacker , Joe Sparacio,,,,,,,,,,,,,
Linebacker , Ty Wise,,,,,,,,,,,,,
Defensive Back , Jordan Oladokun,,,,,,,,,,,,,
Defensive Back , Donte Kent,,,,,,,,,,,,,
Defensive Back , Yahsyn McKee,,,,,,,,,,,,,
Defensive Back , JaVaughn Byrd,,,,,,,,,,,,,
Punter , Alec Bevelhimer,,,,,,,,,,,,,
Kickoff Return Specialist , Jaylon Jackson,,,,,,,,,,,,,
Kickoff Return Specialist , Cade McDonald,,,,,,,,,,,,,
Quarterback , Brett Gabbert,,,,,,,,,,,,,
Offensive Lineman , Damon Kaylor,,,,,,,,,,,,,
Offensive Lineman , Alex Wollschlaeger,,,,,,,,,,,,,
Offensive Lineman , Gabe Wallace,,,,,,,,,,,,,
Offensive Lineman , Tyler Doty,,,,,,,,,,,,,
Offensive Lineman , Addison West,,,,,,,,,,,,,
Tight End , Tanner Koziol,,,,,,,,,,,,,
Wide Receiver , Odieu Hiliare,,,,,,,,,,,,,
Wide Receiver , Luke Floriea,,,,,,,,,,,,,
Wide Receiver , Trayvon Rudolph,,,,,,,,,,,,,
Wide Receiver , Anthony Sambucci,,,,,,,,,,,,,
Running Back , Rashad Amos,,,,,,,,,,,,,
Running Back , Jalen Buckley,,,,,,,,,,,,,
Placekicker , Luke Pawlak,,,,,,,,,,,,,
Down Lineman , CJ West,,,,,,,,,,,,,
Down Lineman , Vonnie Watkins,,,,,,,,,,,,,
Down Lineman , Rayyan Buell,,,,,,,,,,,,,
Down Lineman , Darius Alexander,,,,,,,,,,,,,
Linebacker , Bryan McCoy,,,,,,,,,,,,,
Linebacker , Cashius Howell,,,,,,,,,,,,,
Linebacker , Kyle Moretti,,,,,,,,,,,,,
Linebacker , Chase Kline,,,,,,,,,,,,,
Defensive Back , KJ Martin,,,,,,,,,,,,,
Defensive Back , Davon Ferguson,,,,,,,,,,,,,
Defensive Back , Chris McDonald Jr.,,,,,,,,,,,,,
Defensive Back , Keni,,,,,,,,,,,,,
Punter , Lucas Borrow,,,,,,,,,,,,,
Kickoff Return Specialist , Jhaylin Embry,,,,,,,,,,,,,
Kickoff Return Specialist , Ron Cook,,,,,,,,,,,,,
Quarterback , Kurtis Rourke,,,,,,,,,,,,,
Offensive Lineman , Sidy Sow,,,,,,,,,,,,,
Offensive Lineman , Marcellus Marshall,,,,,,,,,,,,,
Offensive Lineman , Nolan Potter,,,,,,,,,,,,,
Offensive Lineman , Hagen Meservy,,,,,,,,,,,,,
Offensive Lineman , Nick Rosi,,,,,,,,,,,,,
Tight End , Brady Hunt,,,,,,,,,,,,,
Wide Receiver , Alex Adams,,,,,,,,,,,,,
Wide Receiver , Devontez Walker,,,,,,,,,,,,,
Wide Receiver , Dante Cephas,,,,,,,,,,,,,
Wide Receiver , Sam Wiglusz,,,,,,,,,,,,,
Running Back , Carson Steele,,,,,,,,,,,,,
Running Back , Marquez Cooper,,,,,,,,,,,,,
Placekicker , Alex McNulty,,,,,,,,,,,,,
Down Lineman , Karl Brooks,,,,,,,,,,,,,
Down Lineman , Thomas Incoom,,,,,,,,,,,,,
Down Lineman , Jose Ramirez,,,,,,,,,,,,,
Down Lineman , Desjuan Johnson,,,,,,,,,,,,,
Linebacker , Bubba Arslanian,,,,,,,,,,,,,
Linebacker , Shaun Dolac,,,,,,,,,,,,,
Linebacker , Dallas Gant,,,,,,,,,,,,,
Linebacker , Zaire Barnes,,,,,,,,,,,,,
Defensive Back , Marcus Fuqua,,,,,,,,,,,,,
Defensive Back , Donte Kent,,,,,,,,,,,,,
Defensive Back , Quinyon Mitchell,,,,,,,,,,,,,
Defensive Back , Maxen Hook,,,,,,,,,,,,,
Punter , Mitchell Tomasek,,,,,,,,,,,,,
Kickoff Return Specialist , Jaylon Jackson,,,,,,,,,,,,,
Kickoff Return Specialist , Keegan Wilburn,,,,,,,,,,,,,
Quarterback , Dequan Finn,,,,,,,,,,,,,
Offensive Lineman , Ethan Crowe,,,,,,,,,,,,,
Offensive Lineman , Jamezz Kimbrough,,,,,,,,,,,,,
Offensive Lineman , Brian Dooley,,,,,,,,,,,,,
Offensive Lineman , Rusty Feth,,,,,,,,,,,,,
Offensive Lineman , Sam Allan,,,,,,,,,,,,,
Tight End , Christian Sims,,,,,,,,,,,,,
Wide Receiver , Jayshon Jackson,,,,,,,,,,,,,
Wide Receiver , Odieu Hiliare,,,,,,,,,,,,,
Wide Receiver , Mac Hippenhammer,,,,,,,,,,,,,
Wide Receiver , Jerjuan Newton,,,,,,,,,,,,,
Wide Receiver , Corey Crooms,,,,,,,,,,,,,
Running Back , Samson Evans,,,,,,,,,,,,,
Running Back , Sean Tyler,,,,,,,,,,,,,
Placekicker , Nathanial Vakos,,,,,,,,,,,,,
Down Lineman , DeVonte O’Malley,,,,,,,,,,,,,
Down Lineman , Jamal Hines,,,,,,,,,,,,,
Down Lineman , Andre Carter,,,,,,,,,,,,,
Down Lineman , Braden Fiske,,,,,,,,,,,,,
Linebacker , Clayton Coll,,,,,,,,,,,,,
Linebacker , James Patterson,,,,,,,,,,,,,
Linebacker , Ryan McWood,,,,,,,,,,,,,
Linebacker , Dyontae Johnson,,,,,,,,,,,,,
Defensive Back , Amechi Uzodinma,,,,,,,,,,,,,
Defensive Back , Nic Jones,,,,,,,,,,,,,
Defensive Back , Nico Bolden,,,,,,,,,,,,,
Defensive Back , C.J. Brown,,,,,,,,,,,,,
Defensive Back , Nate Bauer,,,,,,,,,,,,,
Punter , Dom Dzioban,,,,,,,,,,,,,
Kickoff Return Specialist , Ta’ron Keith,,,,,,,,,,,,,
Kickoff Return Specialist , Ja’Shaun Poke,,,,,,,,,,,,,
Quarterback , DJ Irons,,,,,,,,,,,,,
Quarterback , Collin Schlee,,,,,,,,,,,,,
Offensive Lineman , Anthony Whigan,,,,,,,,,,,,,
Offensive Lineman , Gabe Wallace,,,,,,,,,,,,,
Offensive Lineman , Desmond Bessent,,,,,,,,,,,,,
Offensive Lineman , Deiyantei Powell,,,,,,,,,,,,,
Offensive Lineman , Logan Zschernitz,,,,,,,,,,,,,
Tight End , Joel Wilson,,,,,,,,,,,,,
Wide Receiver , Shocky Jacques,,,,,,,,,,,,,
Wide Receiver , Quian Williams,,,,,,,,,,,,,
Wide Receiver , Tanner Knue,,,,,,,,,,,,,
Wide Receiver , Hassan Beydoun,,,,,,,,,,,,,
Running Back , Harrison Waylee,,,,,,,,,,,,,
Running Back , Sieh Bangura,,,,,,,,,,,,,
Placekicker , Jesus Gomez,,,,,,,,,,,,,
Down Lineman , Zay West,,,,,,,,,,,,,
Down Lineman , Michael Kennedy,,,,,,,,,,,,,
Down Lineman , James Ester,,,,,,,,,,,,,
Down Lineman , Jack McCrory,,,,,,,,,,,,,
Linebacker , Kyle Moretti,,,,,,,,,,,,,
Linebacker , Matthew Salopek,,,,,,,,,,,,,
Linebacker , Keye Thompson,,,,,,,,,,,,,
Linebacker , Corvin Moment,,,,,,,,,,,,,
Defensive Back , Jordan Riley,,,,,,,,,,,,,
Defensive Back , John Saunders Jr.,,,,,,,,,,,,,
Defensive Back , Tariq Drake,,,,,,,,,,,,,
Defensive Back , Keni,,,,,,,,,,,,,
Punter , Luke Elzinga,,,,,,,,,,,,,
Kickoff Return Specialist , Jalen Walker,,,,,,,,,,,,,
Kickoff Return Specialist , De’Javion Stepney,,,,,,,,,,,,,
Quarterback , Dustin Crum,,,,,,,,,,,,,
Offensive Lineman , Sidy Sow,,,,,,,,,,,,,
Offensive Lineman , Bernhard Raimann,,,,,,,,,,,,,
Offensive Lineman , Luke Goedeke,,,,,,,,,,,,,
Offensive Lineman , Bryce Harris,,,,,,,,,,,,,
Offensive Lineman , Mike Caliendo,,,,,,,,,,,,,
Tight End , Christian Sims,,,,,,,,,,,,,
Wide Receiver , Kalil Pimpleton,,,,,,,,,,,,,
Wide Receiver , Dante Cephas,,,,,,,,,,,,,
Wide Receiver , Jack Sorenson,,,,,,,,,,,,,
Wide Receiver , Skyy Moore,,,,,,,,,,,,,
Running Back , Lew Nichols III,,,,,,,,,,,,,
Running Back , Bryant Koback,,,,,,,,,,,,,
Placekicker , Nate Needham,,,,,,,,,,,,,
Down Lineman , Troy Hairston,,,,,,,,,,,,,
Down Lineman , Kameron Butler,,,,,,,,,,,,,
Down Lineman , Jamal Hines,,,,,,,,,,,,,
Down Lineman , Ali Fayad,,,,,,,,,,,,,
Linebacker , Darren Anders,,,,,,,,,,,,,
Linebacker , James Patterson,,,,,,,,,,,,,
Linebacker , Troy Brown,,,,,,,,,,,,,
Linebacker , Ivan Pace Jr. Miami,,,,,,,,,,,,,
Defensive Back , Bryce Cosby,,,,,,,,,,,,,
Defensive Back , Elvis Hines,,,,,,,,,,,,,
Defensive Back , C.J. Brown,,,,,,,,,,,,,
Defensive Back , Sam Womack,,,,,,,,,,,,,
Defensive Back , Tycen Anderson,,,,,,,,,,,,,
Punter , Nathan Snyder,,,,,,,,,,,,,
Kickoff Return Specialist , Justin Hall,,,,,,,,,,,,,
Punt Return Specialist , Kalil Pimpleton,,,,,,,,,,,,,
Quarterback , Kaleb Eleby,,,,,,,,,,,,,
Offensive Lineman , Curtis Blackwell,,,,,,,,,,,,,
Offensive Lineman , Jake Fuzak,,,,,,,,,,,,,
Offensive Lineman , Bill Kuduk,,,,,,,,,,,,,
Offensive Lineman , Nolan Potter,,,,,,,,,,,,,
Offensive Lineman , Brayden Patton,,,,,,,,,,,,,
Tight End , Tristian Brank,,,,,,,,,,,,,
Wide Receiver , Konata Mumpfield,,,,,,,,,,,,,
Wide Receiver , Justin Hall,,,,,,,,,,,,,
Wide Receiver , Hassan Beydoun,,,,,,,,,,,,,
Wide Receiver , Trayvon Rudolph,,,,,,,,,,,,,
Running Back , Marquez Cooper,,,,,,,,,,,,,
Running Back , Sean Tyler,,,,,,,,,,,,,
Placekicker , Chad Ryland,,,,,,,,,,,,,
Down Lineman , Daymond Williams,,,,,,,,,,,,,
Down Lineman , Lonnie Phelps,,,,,,,,,,,,,
Down Lineman , Desjuan Johnson,,,,,,,,,,,,,
Down Lineman , Ralph Holley,,,,,,,,,,,,,
Linebacker , Jaylin Thomas,,,,,,,,,,,,,
Linebacker , Matthew Salopek,,,,,,,,,,,,,
Linebacker , Jonathan Jones,,,,,,,,,,,,,
Linebacker , Zaire Barnes,,,,,,,,,,,,,
Defensive Back , Jordan Anderson,,,,,,,,,,,,,
Defensive Back , Devonni Reed,,,,,,,,,,,,,
Defensive Back , Sterling Weatherford,,,,,,,,,,,,,
Defensive Back , Dorian Jackson,,,,,,,,,,,,,
Punter , Jake Julien,,,,,,,,,,,,,
Kickoff Return Specialist , Trayvon Rudolph,,,,,,,,,,,,,
Punt Return Specialist , Devin Maddox,,,,,,,,,,,,,
Quarterback , Brett Gabbert,,,,,,,,,,,,,
Offensive Lineman , Jack Klenk,,,,,,,,,,,,,
Offensive Lineman , Brian Dooley,,,,,,,,,,,,,
Offensive Lineman , Nathan Monnin,,,,,,,,,,,,,
Offensive Lineman , Logan Zschernitz,,,,,,,,,,,,,
Offensive Lineman , Vitaliy Gurman,,,,,,,,,,,,,
Tight End , Thomas Odukoya,,,,,,,,,,,,,
Wide Receiver , Quian Williams,,,,,,,,,,,,,
Wide Receiver , Dallas Dixon,,,,,,,,,,,,,
Wide Receiver , JaCorey Sullivan,,,,,,,,,,,,,
Wide Receiver , Mac Hippenhammer,,,,,,,,,,,,,
Running Back , Dylan McDuffie,,,,,,,,,,,,,
Running Back , Clint Ratkovich,,,,,,,,,,,,,
Placekicker , Andrew Glass,,,,,,,,,,,,,
Down Lineman , Karl Brooks,,,,,,,,,,,,,
Down Lineman , Jose Ramirez,,,,,,,,,,,,,
Down Lineman , Dominique Robinson,,,,,,,,,,,,,
Down Lineman , James Ester,,,,,,,,,,,,,
Linebacker , Lance Deveaux,,,,,,,,,,,,,
Linebacker , Bryce Houston,,,,,,,,,,,,,
Linebacker , Dyontae Johnson,,,,,,,,,,,,,
Linebacker , Corvin Moment,,,,,,,,,,,,,
Defensive Back , Devin Taylor,,,,,,,,,,,,,
Defensive Back , Jordan Gandy,,,,,,,,,,,,,
Defensive Back , Tariq Drake,,,,,,,,,,,,,
Defensive Back , Maxen Hook,,,,,,,,,,,,,
Punter , Matt Naranjo,,,,,,,,,,,,,
Kickoff Return Specialist , Ron Cook,,,,,,,,,,,,,
Kickoff Return Specialist , Marion Lukes,,,,,,,,,,,,,
Quarterback , Dustin Crum,,,,,,,,,,,,,
Offensive Lineman , Kayode Awosika,,,,,,,,,,,,,
Offensive Lineman , Mike Novitsky,,,,,,,,,,,,,
Offensive Lineman , Tommy Doyle,,,,,,,,,,,,,
Offensive Lineman , Bryce Harris,,,,,,,,,,,,,
Offensive Lineman , Mike Caliendo,,,,,,,,,,,,,
Tight End , Quintin Morris,,,,,,,,,,,,,
Wide Receiver , Justin Hall,,,,,,,,,,,,,
Wide Receiver , Isaiah McKoy,,,,,,,,,,,,,
Wide Receiver , Tyrice Richie,,,,,,,,,,,,,
Wide Receiver , D’Wayne Eskridge,,,,,,,,,,,,,
Running Back , Teon Dollard,,,,,,,,,,,,,
Running Back , Jaret Patterson,,,,,,,,,,,,,
Placekicker , Marshall Meeder,,,,,,,,,,,,,
Outside Linebacker , Anthony Ekpe,,,,,,,,,,,,,
Outside Linebacker , Troy Brown,,,,,,,,,,,,,
Inside Linebacker , Brandon Martin,,,,,,,,,,,,,
Inside Linebacker , James Patterson,,,,,,,,,,,,,
Down Lineman , Malcolm Koonce,,,,,,,,,,,,,
Down Lineman , Ralph Holley,,,,,,,,,,,,,
Down Lineman , Troy Hairston II,,,,,,,,,,,,,
Down Lineman , Mohamed Diallo,,,,,,,,,,,,,
Defensive Back , Bryce Cosby,,,,,,,,,,,,,
Defensive Back , Willie Reid,,,,,,,,,,,,,
Defensive Back , Noski LaFleur,,,,,,,,,,,,,
Defensive Back , Bricen Garner,,,,,,,,,,,,,
Punter , Luke Elzinga,,,,,,,,,,,,,
Kickoff Return Specialist , D’Wayne Eskridge,,,,,,,,,,,,,
Kickoff Return Specialist , Justin Hall,,,,,,,,,,,,,
Quarterback , Drew Plitt,,,,,,,,,,,,,
Offensive Lineman , Curtis Blackwell,,,,,,,,,,,,,
Offensive Lineman , Jake Fuzak,,,,,,,,,,,,,
Offensive Lineman , Derek Smith,,,,,,,,,,,,,
Offensive Lineman , Bill Kuduk,,,,,,,,,,,,,
Offensive Lineman , Jaylon Moore,,,,,,,,,,,,,
Tight End , Daniel Crawford,,,,,,,,,,,,,
Wide Receiver , Antonio Nunn,,,,,,,,,,,,,
Wide Receiver , Kalil Pimpleton,,,,,,,,,,,,,
Wide Receiver , Jack Sorenson,,,,,,,,,,,,,
Wide Receiver , Skyy Moore,,,,,,,,,,,,,
Running Back , De’Montre Tuggle,,,,,,,,,,,,,
Running Back , La’Darius Jefferson,,,,,,,,,,,,,
Placekicker , Chad Ryland,,,,,,,,,,,,,
Outside Linebacker , Christian Albright,,,,,,,,,,,,,
Outside Linebacker , Jamal Hines,,,,,,,,,,,,,
Inside Linebacker , Bubba Arslanian,,,,,,,,,,,,,
Inside Linebacker , Terry Myrick,,,,,,,,,,,,,
Down Lineman , Turan Rush,,,,,,,,,,,,,
Down Lineman , Weston Kramer,,,,,,,,,,,,,
Down Lineman , Desjuan Johnson,,,,,,,,,,,,,
Down Lineman , Austin Conrad,,,,,,,,,,,,,
Defensive Back , Antonio Phillips,,,,,,,,,,,,,
Defensive Back , Jordan Gandy,,,,,,,,,,,,,
Defensive Back , Tycen Anderson,,,,,,,,,,,,,
Defensive Back , Nate Bauer,,,,,,,,,,,,,
Punter , Nathan Snyder,,,,,,,,,,,,,
Kickoff Return Specialist , Trayvon Rudolph,,,,,,,,,,,,,
Kickoff Return Specialist , De’Montre Tuggle,,,,,,,,,,,,,
Quarterback , Kaleb Eleby,,,,,,,,,,,,,
Offensive Lineman , Sidy Sow,,,,,,,,,,,,,
Offensive Lineman , Nathan Monnin,,,,,,,,,,,,,
Offensive Lineman , Danny Godlevske,,,,,,,,,,,,,
Offensive Lineman , Brayden Patton,,,,,,,,,,,,,
Offensive Lineman , Brett Kitrell,,,,,,,,,,,,,
Tight End , Zac Lefebvre,,,,,,,,,,,,,
Wide Receiver , Yo’Heinz Tyler,,,,,,,,,,,,,
Wide Receiver , Hassan Beydoun,,,,,,,,,,,,,
Wide Receiver , Isaiah Winstead,,,,,,,,,,,,,
Wide Receiver , Jaylen Hall,,,,,,,,,,,,,
Running Back , Caleb Huntley,,,,,,,,,,,,,
Running Back , Kevin Marks,,,,,,,,,,,,,
Placekicker , Alex McNulty,,,,,,,,,,,,,
Outside Linebacker , Kholbe Coleman,,,,,,,,,,,,,
Inside Linebacker , Jaylin Thomas,,,,,,,,,,,,,
Inside Linebacker , Kyle Pugh,,,,,,,,,,,,,
Inside Linebacker , Treshaun Hayward,,,,,,,,,,,,,
Down Lineman , Eddie Wilson,,,,,,,,,,,,,
Down Lineman , Jose Ramirez,,,,,,,,,,,,,
Down Lineman , Kam Butler,,,,,,,,,,,,,
Down Lineman , Lonnie Phelps,,,,,,,,,,,,,
Defensive Back , A.J. Watts,,,,,,,,,,,,,
Defensive Back , Devonni Reed,,,,,,,,,,,,,
Defensive Back , Emmanuel Rugamba,,,,,,,,,,,,,
Defensive Back , Devin Lafayette,,,,,,,,,,,,,
Punter , Nick Mihalic,,,,,,,,,,,,,
Kickoff Return Specialist , Bryson Denley,,,,,,,,,,,,,
Kickoff Return Specialist , Ron Cook,,,,,,,,,,,,,
Quarterback , Nathan Rourke,,,,,,,,,,,,,
Offensive Linemen , Danny Pinter,,,,,,,,,,,,,
Offensive Linemen , Luke Juriga,,,,,,,,,,,,,
Offensive Lineman , Jordan Steckler,,,,,,,,,,,,,
Offensive Linemen , Evin Ksiezarczyk,,,,,,,,,,,,,
Offensive Linemen , Tommy Doyle,,,,,,,,,,,,,
Tight End , Giovanni Ricci,,,,,,,,,,,,,
Wide Receiver , Kalil Pimpleton,,,,,,,,,,,,,
Wide Receiver , Justin Hall,,,,,,,,,,,,,
Wide Receiver , Skyy Moore,,,,,,,,,,,,,
Wide Receiver , JaCorey Sullivan,,,,,,,,,,,,,
Running Back , LeVante Bellamy,,,,,,,,,,,,,
Running Back , Jaret Patterson,,,,,,,,,,,,,
Placekicker , Matt Trickett,,,,,,,,,,,,,
Outside Linebacker , Treshaun Hayward,,,,,,,,,,,,,
Outside Linebacker , Troy Brown,,,,,,,,,,,,,
Inside Linebacker , Jacob White,,,,,,,,,,,,,
Inside Linebacker , John Lako,,,,,,,,,,,,,
Down Lineman , Sean Adesanya,,,,,,,,,,,,,
Down Lineman , Taylor Riggins,,,,,,,,,,,,,
Down Lineman , Malcolm Koonce,,,,,,,,,,,,,
Down Lineman , Doug Costin,,,,,,,,,,,,,
Defensive Back , Joey Banks,,,,,,,,,,,,,
Defensive Back , Javon Hagan,,,,,,,,,,,,,
Defensive Back , Vince Calhoun,,,,,,,,,,,,,
Defensive Back , Antonio Phillips,,,,,,,,,,,,,
Punter , Kyle Kramer,,,,,,,,,,,,,
Kickoff Return Specialist , Keith Mixon Jr.,,,,,,,,,,,,,
Punt Return Specialist , Kalil Pimpleton,,,,,,,,,,,,,
Quarterback , Mike Glass III,,,,,,,,,,,,,
Offensive Lineman , Austen Pleasants,,,,,,,,,,,,,
Offensive Lineman , Jaylon Moore,,,,,,,,,,,,,
Offensive Lineman , Kayode Awosika,,,,,,,,,,,,,
Offensive Lineman , Mike Caliendo,,,,,,,,,,,,,
Offensive Lineman , Paul Nosworthy,,,,,,,,,,,,,
Tight End , Tony Poljan,,,,,,,,,,,,,
Wide Receiver , Riley Miller,,,,,,,,,,,,,
Wide Receiver , Arthur Jackson,,,,,,,,,,,,,
Wide Receiver , Bryce Mitchell,,,,,,,,,,,,,
Wide Receiver , Quintin Morris,,,,,,,,,,,,,
Running Back , Bryant Koback,,,,,,,,,,,,,
Running Back , Caleb Huntley,,,,,,,,,,,,,
Placekicker , Sam Sloman,,,,,,,,,,,,,
Outside Linebacker , Brody Hoying,,,,,,,,,,,,,
Outside Linebacker , Kadofi Wright,,,,,,,,,,,,,
Inside Linebacker , Michael Oliver,,,,,,,,,,,,,
Inside Linebacker , Drake Spears,,,,,,,,,,,,,
Down Lineman , Ali Fayad,,,,,,,,,,,,,
Down Lineman , Jack Heflin,,,,,,,,,,,,,
Down Lineman , Ledarius Mack,,,,,,,,,,,,,
Down Lineman , Kameron Butler,,,,,,,,,,,,,
Defensive Back , Jamal Parker,,,,,,,,,,,,,
Defensive Back , Mykelti Williams,,,,,,,,,,,,,
Defensive Back , Amechi Uzodinma,,,,,,,,,,,,,
Defensive Back , Tyrone Hill,,,,,,,,,,,,,
Punter , Michael Farkas,,,,,,,,,,,,,
Kickoff Return Specialist , Malik Dunner,,,,,,,,,,,,,
Punt Return Specialist , Maurice Thomas,,,,,,,,,,,,,
Quarterback , Jon Wassink,,,,,,,,,,,,,
Offensive Lineman , Nick Rosi,,,,,,,,,,,,,
Offensive Lineman , Danny Godlevske,,,,,,,,,,,,,
Offensive Lineman , Curtis Blackwell,,,,,,,,,,,,,
Offensive Lineman , Marques Grimes,,,,,,,,,,,,,
Offensive Lineman , Steven Hayes,,,,,,,,,,,,,
Tight End , Mitchell Brinkman,,,,,,,,,,,,,
Wide Receiver , Isaiah McKoy,,,,,,,,,,,,,
Wide Receiver , Antonio Nunn,,,,,,,,,,,,,
Wide Receiver , Mike Carrigan,,,,,,,,,,,,,
Wide Receiver , Dylan Drummond,,,,,,,,,,,,,
Running Back , Jonathan Ward,,,,,,,,,,,,,
Running Back , Tre Harbison,,,,,,,,,,,,,
Placekicker , John Richardson,,,,,,,,,,,,,
Outside Linebacker , Myles Reid,,,,,,,,,,,,,
Outside Linebacker , Kholbe Coleman,,,,,,,,,,,,,
Inside Linebacker , Kobie Beltram,,,,,,,,,,,,,
Inside Linebacker , Jaylin Thomas,,,,,,,,,,,,,
Down Lineman , Jamal Hines,,,,,,,,,,,,,
Down Lineman , Chibueze Onwuka,,,,,,,,,,,,,
Down Lineman , Theo Majette,,,,,,,,,,,,,
Down Lineman , Robi Stuart,,,,,,,,,,,,,
Defensive Back , Alvin Davis,,,,,,,,,,,,,
Defensive Back , Emmanuel Rugamba,,,,,,,,,,,,,
Defensive Back , Patrick Lupro,,,,,,,,,,,,,
Defensive Back , Kevin McGill,,,,,,,,,,,,,
Punter , Derek Adams,,,,,,,,,,,,,
Kickoff Return Specialist , DL Knock,,,,,,,,,,,,,
Punt Return Specialist , Keith Mixon Jr.,,,,,,,,,,,,,
QB , Jordan McCloud,,,,,,,,,,,,,
RB , Marcus Carroll,,,,,,,,,,,,,
RB , Kimani Vidal,,,,,,,,,,,,,
OL , Isaiah Helms,,,,,,,,,,,,,
OL , Bucky Williams,,,,,,,,,,,,,
OL , Jacob Bayer,,,,,,,,,,,,,
OL , Khalil Crowder,,,,,,,,,,,,,
OL , Travis Glover,,,,,,,,,,,,,
TE , Zach Horton,,,,,,,,,,,,,
WR , Reggie Brown,,,,,,,,,,,,,
WR , Elijah Sarratt,,,,,,,,,,,,,
WR , Caullin Lacy,,,,,,,,,,,,,
DL , Jalen Green,,,,,,,,,,,,,
DL , Jamree Kromah,,,,,,,,,,,,,
DL , Owen Porter,,,,,,,,,,,,,
DL , Richard Jibunor,,,,,,,,,,,,,
DL , Javon Solomon,,,,,,,,,,,,,
LB , Andrew Parker Jr.,,,,,,,,,,,,,
LB , Marques Watson,,,,,,,,,,,,,
LB , Jason Henderson,,,,,,,,,,,,,
DB , Tyrek Funderburk,,,,,,,,,,,,,
DB , Micah Abraham,,,,,,,,,,,,,
DB , Jaden Voisin,,,,,,,,,,,,,
DB , Reddy Steward,,,,,,,,,,,,,
K , Mason Shipley,,,,,,,,,,,,,
P ,  William Przystup,,,,,,,,,,,,,
RS , Jayden Harrison,,,,,,,,,,,,,
AP , Ismail Mahdi,,,,,,,,,,,,,
QB , Joey Aguilar,,,,,,,,,,,,,
RB , Rasheen Ali,,,,,,,,,,,,,
RB , Frank Gore Jr.,,,,,,,,,,,,,
OL , Makilan Thomas,,,,,,,,,,,,,
OL , Rasheed Miller,,,,,,,,,,,,,
OL , Tyler Stephens,,,,,,,,,,,,,
OL , Grant Betts,,,,,,,,,,,,,
OL , Daniel King,,,,,,,,,,,,,
TE , Eli Wilson,,,,,,,,,,,,,
WR , Sam Pinckney,,,,,,,,,,,,,
WR , Khaleb Hood,,,,,,,,,,,,,
WR , Joey Hobert,,,,,,,,,,,,,
DL , James Carpenter,,,,,,,,,,,,,
DL , Mikail Kamara,,,,,,,,,,,,,
DL , Adin Huntington,,,,,,,,,,,,,
DL , Ben Bell,,,,,,,,,,,,,
DL , T.J. Jackson,,,,,,,,,,,,,
LB , Nate Johnson,,,,,,,,,,,,,
LB , Quentin Wilfawn,,,,,,,,,,,,,
LB , Brian Holloway,,,,,,,,,,,,,
DB , Ethan Johnson,,,,,,,,,,,,,
DB , Shemar Bartholomew,,,,,,,,,,,,,
DB , D’Angelo Ponds,,,,,,,,,,,,,
DB , Dell Pettus,,,,,,,,,,,,,
K , Michael Hughes,,,,,,,,,,,,,
P , Ryan Hanson,,,,,,,,,,,,,
RS , Ismail Mahdi,,,,,,,,,,,,,
AP , Frank Gore Jr.,,,,,,,,,,,,,
QB , Gunnar Watson,,,,,,,,,,,,,
RB , Jalen White,,,,,,,,,,,,,
RB , La’Damian Webb,,,,,,,,,,,,,
OL , Jack Murphy,,,,,,,,,,,,,
OL , Will McDonald,,,,,,,,,,,,,
OL , AJ Gillie,,,,,,,,,,,,,
OL , Ethan Driskell,,,,,,,,,,,,,
OL , Brey Walker,,,,,,,,,,,,,
TE , Neal Johnson,,,,,,,,,,,,,
WR , Robert Lewis,,,,,,,,,,,,,
WR , Jabre Barber,,,,,,,,,,,,,
WR , Chris Lewis,,,,,,,,,,,,,
DL , Thurman Geathers,,,,,,,,,,,,,
DL , Isaac Walker,,,,,,,,,,,,,
DL , Elijah Alston,,,,,,,,,,,,,
DL , Wy’Kevious Thomas,,,,,,,,,,,,,
LB , Jontrey Hunter,,,,,,,,,,,,,
LB , Aiden Fisher,,,,,,,,,,,,,
LB , Eli Neal,,,,,,,,,,,,,
LB , Wayne Matthews III,,,,,,,,,,,,,
DB , Clayton Isbell,,,,,,,,,,,,,
DB , Gavin Pringle,,,,,,,,,,,,,
DB , Yam Banks,,,,,,,,,,,,,
DB , Irshaad Davis,,,,,,,,,,,,,
K , Camden Wise,,,,,,,,,,,,,
P , John McConnell,,,,,,,,,,,,,
RS , Ja’Quez Cross,,,,,,,,,,,,,
AP , Caullin Lacy,,,,,,,,,,,,,
RB , Kanye Roberts (RS Fr.,,,,,,,,,,,,,
WR , Kaedin Robinson (RS Jr.,,,,,,,,,,,,,
DL , Santana Hopper (RS Fr.,,,,,,,,,,,,,
DB , Jordan Favors (RS So.,,,,,,,,,,,,,
OL , Jalen Cunningham (RS Sr.,,,,,,,,,,,,,
WR , Courtney Jackson (RS Jr.,,,,,,,,,,,,,
LB , Charles Willekes (RS Jr.,,,,,,,,,,,,,
DB , Samy Johnson (Sr.,,,,,,,,,,,,,
OL , Nick Del Grande (RS Fr.,,,,,,,,,,,,,
WR , Jared Brown (RS So.,,,,,,,,,,,,,
DL , Micheal Mason (Super Sr.,,,,,,,,,,,,,
DB , Matthew McDoom (So.,,,,,,,,,,,,,
QB , Davis Brin (6th Yr.,,,,,,,,,,,,,
TE , Jjay Mcafee (6th Yr.,,,,,,,,,,,,,
WR , Derwin Burgess Jr. (Jr.,,,,,,,,,,,,,
DB , TJ Smith (RS Jr.,,,,,,,,,,,,,
QB , Darren Grainger (RS Sr.,,,,,,,,,,,,,
WR , Tailique Williams (RS Jr.,,,,,,,,,,,,,
LB , Kevin Swint (Sr.,,,,,,,,,,,,,
DB , Jeremiah Johnson (Sr.,,,,,,,,,,,,,
WR , Phoenix Sproles (RS Sr.,,,,,,,,,,,,,
LB , Jailin Walker (Jr.,,,,,,,,,,,,,
DB , Chauncey Logan (So.,,,,,,,,,,,,,
DB , Francis Meehan (RS Sr.,,,,,,,,,,,,,
OL , Nathan Thomas (RS Jr.,,,,,,,,,,,,,
WR , Peter LeBlanc (Sr.,,,,,,,,,,,,,
LB , Kendre’ Gant (Jr.,,,,,,,,,,,,,
LB , K.C. Ossai (Jr.,,,,,,,,,,,,,
OL , Elijah Fisher (So.,,,,,,,,,,,,,
OL , Zarian McGill (Jr.,,,,,,,,,,,,,
WR , Tyrone Howell (6th Yr.,,,,,,,,,,,,,
DL , Kenard Snyder (So.,,,,,,,,,,,,,
OL , Logan Osburn (RS Jr.,,,,,,,,,,,,,
OL , Dalton Tucker (RS Sr.,,,,,,,,,,,,,
DL , Sam Burton (RS Sr.,,,,,,,,,,,,,
DB , J.J. Roberts (RS Jr.,,,,,,,,,,,,,
DL , Denzel Lowry (RS So.,,,,,,,,,,,,,
DB , Shawn Asbury II (Jr.,,,,,,,,,,,,,
DB , LaMareon James (Jr.,,,,,,,,,,,,,
DB , Terry Jones (RS Jr.,,,,,,,,,,,,,
QB , Carter Bradley (Sr.,,,,,,,,,,,,,
OL , Reggie Smith (Sr.,,,,,,,,,,,,,
WR , Jamaal Pritchett (So.,,,,,,,,,,,,,
LB , Trey Kiser (Sr.,,,,,,,,,,,,,
WR , Jakarius Caston (Sr.,,,,,,,,,,,,,
DL , Quentin Bivens (Sr.,,,,,,,,,,,,,
LB , Swayze Bozeman (RS Sr.,,,,,,,,,,,,,
DB , Jay Stanley (Sr.,,,,,,,,,,,,,
QB , TJ Finley (RS So.,,,,,,,,,,,,,
WR , Ashtyn Hawkins (Jr.,,,,,,,,,,,,,
WR , Kole Wilson (So.,,,,,,,,,,,,,
DB , Shawn Holton (Sr.,,,,,,,,,,,,,
DL , Buddha Jones (Sr.,,,,,,,,,,,,,
DB , O’shai Fletcher (Sr.,,,,,,,,,,,,,
DB , Caleb Ransaw (Jr.,,,,,,,,,,,,,
LS , Quentin Skinner (Sr.,,,,,,,,,,,,,
QB , Grayson McCall,,,,,,,,,,,,,
RB , Khalan Laborn,,,,,,,,,,,,,
RB , La’Damian Webb,,,,,,,,,,,,,
OL , Cooper Hodges,,,,,,,,,,,,,
OL , Austin Stidham,,,,,,,,,,,,,
OL , Willie Lampkin,,,,,,,,,,,,,
OL , Jake Andrews,,,,,,,,,,,,,
OL , Anderson Hardy,,,,,,,,,,,,,
TE , Seydou Traore,,,,,,,,,,,,,
WR , Jamari Thrash,,,,,,,,,,,,,
WR , Kris Thornton,,,,,,,,,,,,,
WR , Ali Jennings III,,,,,,,,,,,,,
DL , T.J. Jackson,,,,,,,,,,,,,
DL , Zi’Yon Hill,,,,,,,,,,,,,
DL , Owen Porter,,,,,,,,,,,,,
DL , Will Choloh,,,,,,,,,,,,,
DL , Isaac Ukwu,,,,,,,,,,,,,
LB , Carlton Martial,,,,,,,,,,,,,
LB , Jason Henderson,,,,,,,,,,,,,
LB , Nick Hampton,,,,,,,,,,,,,
DB , Yam Banks,,,,,,,,,,,,,
DB , Micah Abraham,,,,,,,,,,,,,
DB , Reddy Steward,,,,,,,,,,,,,
DB , Bralen Trahan,,,,,,,,,,,,,
K , Dominic Zvada,,,,,,,,,,,,,
P , Rhys Byrns,,,,,,,,,,,,,
RS , Eric Garror,,,,,,,,,,,,,
AP , Frank Gore Jr.,,,,,,,,,,,,,
QB , Todd Centeio,,,,,,,,,,,,,
RB , Kimani Vidal,,,,,,,,,,,,,
RB , Frank Gore Jr.,,,,,,,,,,,,,
OL , Khalil Crowder,,,,,,,,,,,,,
OL , Pat Bartlett,,,,,,,,,,,,,
OL , Nick Saldiveri,,,,,,,,,,,,,
OL , Malik Sumter,,,,,,,,,,,,,
OL , Nick Kidwell,,,,,,,,,,,,,
TE , Henry Pearson,,,,,,,,,,,,,
WR , Jalen Wayne,,,,,,,,,,,,,
WR , Tyrone Howell,,,,,,,,,,,,,
WR , Khaleb Hood,,,,,,,,,,,,,
DL , Levi Bell,,,,,,,,,,,,,
DL , James Carpenter,,,,,,,,,,,,,
DL , Richard Jibunor,,,,,,,,,,,,,
DL , Jamare Edwards,,,,,,,,,,,,,
DL , Josaiah Stewart,,,,,,,,,,,,,
LB , Marques Watson,,,,,,,,,,,,,
LB , Andre Jones,,,,,,,,,,,,,
LB , Jourdan Quibodeaux,,,,,,,,,,,,,
DB , Steven Jones Jr.,,,,,,,,,,,,,
DB , Quavian White,,,,,,,,,,,,,
DB , Steven Gilmore,,,,,,,,,,,,,
DB , Lance Boykin,,,,,,,,,,,,,
K , Diego Guajardo,,,,,,,,,,,,,
P , Devyn McCormick,,,,,,,,,,,,,
RS , Johnnie Lang Jr.,,,,,,,,,,,,,
AP , Johnnie Lang Jr.,,,,,,,,,,,,,
QB , Kyle Vantrease,,,,,,,,,,,,,
RB , Percy Agyei,,,,,,,,,,,,,
RB , Jalen White,,,,,,,,,,,,,
OL , James Jackson,,,,,,,,,,,,,
OL , Kyle Hergel,,,,,,,,,,,,,
OL , Caleb Kelly,,,,,,,,,,,,,
OL , Isaiah Helms,,,,,,,,,,,,,
OL , Antwine Loper,,,,,,,,,,,,,
TE , Jacob Jenkins,,,,,,,,,,,,,
WR , Jason Brownlee,,,,,,,,,,,,,
WR , Sam Pinckney,,,,,,,,,,,,,
WR , Michael Jefferson,,,,,,,,,,,,,
DL , Kivon Bennett,,,,,,,,,,,,,
DL , Jerrod Clark,,,,,,,,,,,,,
DL , Justin Ellis,,,,,,,,,,,,,
DL , Javon Solomon,,,,,,,,,,,,,
LB , Taurus Jones,,,,,,,,,,,,,
LB , JT Killen,,,,,,,,,,,,,
LB , Santrell Latham,,,,,,,,,,,,,
DB , Jay Stanley,,,,,,,,,,,,,
DB , Malik Shorts,,,,,,,,,,,,,
DB , Darrell Luter Jr.,,,,,,,,,,,,,
DB , Antavious Lane,,,,,,,,,,,,,
DB , Derrick Canteen,,,,,,,,,,,,,
K , Briggs Bourgeois,,,,,,,,,,,,,
P , Mason Hunt,,,,,,,,,,,,,
RS , Milan Tucker,,,,,,,,,,,,,
AP , La’Damian Webb,,,,,,,,,,,,,
QB , Chase Brice (RS Sr.,,,,,,,,,,,,,
RB , Nate Noel (So.,,,,,,,,,,,,,
WR , Kaedin Robinson (RS So.,,,,,,,,,,,,,
LB , Jalen McLeod (So.,,,,,,,,,,,,,
QB , James Blackman (RS Sr.,,,,,,,,,,,,,
OL , Jordan Rhodes (RS Sr.,,,,,,,,,,,,,
WR , Champ Flemings (RS Sr.,,,,,,,,,,,,,
DL , TW Ayers (RS Jr.,,,,,,,,,,,,,
RB , CJ Beasley (RS So.,,,,,,,,,,,,,
WR , Tyson Mobley (Jr.,,,,,,,,,,,,,
DL , Adrian Hope (Super Sr.,,,,,,,,,,,,,
LB , Shane Bruce (RS So.,,,,,,,,,,,,,
WR , Derwin Burgess Jr. (So.,,,,,,,,,,,,,
WR , Jeremy Singleton (RS Sr.,,,,,,,,,,,,,
DB , Anthony Wilson (RS Jr.,,,,,,,,,,,,,
K , Alex Raynor (RS Jr.,,,,,,,,,,,,,
QB , Darren Grainger (RS Sr.,,,,,,,,,,,,,
RB , Tucker Gregg (Sr.,,,,,,,,,,,,,
DL , Javon Denis (RS Jr.,,,,,,,,,,,,,
K , Michael Hayes (RS Jr,,,,,,,,,,,,,
TE , Drew Painter (RS Sr.,,,,,,,,,,,,,
LB , Jailin Walker (So.,,,,,,,,,,,,,
DB , Sam Kidd (RS Sr.,,,,,,,,,,,,,
DB , Jordan Swann (RS Sr.,,,,,,,,,,,,,
RB , Chris Smith (RS Jr.,,,,,,,,,,,,,
TE , Neal Johnson (Jr.,,,,,,,,,,,,,
TE , Johnny Lumpkin (RS Sr.,,,,,,,,,,,,,
LB , Kris Moncrief (Sr.,,,,,,,,,,,,,
DL , Caleb Thomas (Gr.,,,,,,,,,,,,,
LB , Quae Drake (Jr. LB ,,,,,,,,,,,,,
LB , Zack Woodard (Gr.,,,,,,,,,,,,,
K , Calum Sutherland (6th Yr.,,,,,,,,,,,,,
WR , Corey Gammage (RS Jr.,,,,,,,,,,,,,
DL , Koby Cumberlander (RS Sr.,,,,,,,,,,,,,
LB , Eli Neal (Jr.,,,,,,,,,,,,,
DB , Andre Sam (6th Yr.,,,,,,,,,,,,,
RB , Blake Watson (RS Jr.,,,,,,,,,,,,,
DL , Alonzo Ford Jr. (So.,,,,,,,,,,,,,
DB , R’Tarriun Johnson (RS Sr.,,,,,,,,,,,,,
P , Ethan Duane (So.,,,,,,,,,,,,,
QB , Carter Bradley (Jr.,,,,,,,,,,,,,
WR , Devin Voisin (So.,,,,,,,,,,,,,
DL , Wy’Kevious Thomas (RS So.,,,,,,,,,,,,,
DB , Jaden Voisin (So.,,,,,,,,,,,,,
DL , Jalen Williams (RS So.,,,,,,,,,,,,,
LB , Daylen Gill (Sr.,,,,,,,,,,,,,
LB , Averie Habas (Jr.,,,,,,,,,,,,,
DB , Natrone Brooks (Sr.,,,,,,,,,,,,,
WR , Ashtyn Hawkins (So.,,,,,,,,,,,,,
LB , Jordan Revels (Jr.,,,,,,,,,,,,,
DB , Tory Spears (RS Jr.,,,,,,,,,,,,,
K , Seth Keller (RS Jr.,,,,,,,,,,,,,
WR , Tez Johnson (So.,,,,,,,,,,,,,
LB , KJ Robertson (Sr.,,,,,,,,,,,,,
DB , Dell Pettus (Jr.,,,,,,,,,,,,,
DB , Craig Slocum Jr. (Sr.,,,,,,,,,,,,,
QB , Grayson McCall,,,,,,,,,,,,,
RB , Nate Noel,,,,,,,,,,,,,
RB , Shermari Jones,,,,,,,,,,,,,
OL , Max Mitchell,,,,,,,,,,,,,
OL , Cooper Hodges,,,,,,,,,,,,,
OL , O’Cyrus Torrence,,,,,,,,,,,,,
OL , Shamarious Gilmore,,,,,,,,,,,,,
OL , Baer Hunter,,,,,,,,,,,,,
TE , Isaiah Likely,,,,,,,,,,,,,
WR , Jalen Tolbert,,,,,,,,,,,,,
WR , Jaivon Heiligh,,,,,,,,,,,,,
WR , Corey Sutton,,,,,,,,,,,,,
DL , Josaiah Stewart,,,,,,,,,,,,,
DL , Demetrius Taylor,,,,,,,,,,,,,
DL , Javon Solomon,,,,,,,,,,,,,
DL , C.J. Brewer,,,,,,,,,,,,,
LB , D’Marco Jackson,,,,,,,,,,,,,
LB , Carlton Martial,,,,,,,,,,,,,
LB , Silas Kelly,,,,,,,,,,,,,
DB , Steven Jones Jr.,,,,,,,,,,,,,
DB , Darrell Luter Jr.,,,,,,,,,,,,,
DB , Shaun Jolly,,,,,,,,,,,,,
DB , Antavious Lane,,,,,,,,,,,,,
DB , D’Jordan Strong,,,,,,,,,,,,,
K , Chandler Staton,,,,,,,,,,,,,
P , Rhys Byrns,,,,,,,,,,,,,
RS , Alan Lamar,,,,,,,,,,,,,
AP , Chris Smith,,,,,,,,,,,,,
QB , Levi Lewis,,,,,,,,,,,,,
RB , Camerun Peoples,,,,,,,,,,,,,
RB , Montrell Johnson,,,,,,,,,,,,,
OL , Malik Sumter,,,,,,,,,,,,,
OL , Shane Vallot. Louisiana (RS Jr.,,,,,,,,,,,,,
OL , Austin Stidham,,,,,,,,,,,,,
OL , Willie Lampkin,,,,,,,,,,,,,
OL , Dylan Bradshaw,,,,,,,,,,,,,
TE , Roger Carter,,,,,,,,,,,,,
WR , Malik Williams,,,,,,,,,,,,,
WR , Thomas Hennigan,,,,,,,,,,,,,
WR , Corey Rucker,,,,,,,,,,,,,
DL , Jeffrey Gunter,,,,,,,,,,,,,
DL , Kivon Bennett,,,,,,,,,,,,,
DL , Zi’Yon Hill,,,,,,,,,,,,,
DL , CJ Wright,,,,,,,,,,,,,
DL , Will Choloh,,,,,,,,,,,,,
LB , Chauncey Manac,,,,,,,,,,,,,
LB , Trey Cobb,,,,,,,,,,,,,
LB , Lorenzo McCaskill,,,,,,,,,,,,,
DB , Keith Gallmon Jr.,,,,,,,,,,,,,
DB , Percy Butler,,,,,,,,,,,,,
DB , Kaiden Smith,,,,,,,,,,,,,
DB , Eric Garror,,,,,,,,,,,,,
K , Blake Grupe,,,,,,,,,,,,,
P , Anthony Beck II,,,,,,,,,,,,,
RS , Jalen Virgil,,,,,,,,,,,,,
AP , Alan Lamar,,,,,,,,,,,,,
QB , Chase Brice,,,,,,,,,,,,,
RB , Chris Smith,,,,,,,,,,,,,
RB , Tucker Gregg,,,,,,,,,,,,,
OL , Anderson Hardy,,,,,,,,,,,,,
OL , Trey Carter,,,,,,,,,,,,,
OL , Dalton Cooper,,,,,,,,,,,,,
OL , Pat Bartlett,,,,,,,,,,,,,
OL , Khalil Crowder,,,,,,,,,,,,,
TE , Lincoln Sefcik,,,,,,,,,,,,,
WR , Tez Johnson,,,,,,,,,,,,,
WR , TeVailance Hunt,,,,,,,,,,,,,
WR , Boogie Knight,,,,,,,,,,,,,
DL , Richard Jibunor,,,,,,,,,,,,,
DL , Tayland Humphrey,,,,,,,,,,,,,
DL , Dontae Wilson,,,,,,,,,,,,,
DL , Andre Jones,,,,,,,,,,,,,
LB , Nick Hampton,,,,,,,,,,,,,
LB , Eldrick Robinson II,,,,,,,,,,,,,
LB , Blake Carroll,,,,,,,,,,,,,
DB , Quavian White,,,,,,,,,,,,,
DB , Anthony Wilson,,,,,,,,,,,,,
DB , Alex Spillum,,,,,,,,,,,,,
DB , Mekhi Garner,,,,,,,,,,,,,
DB , TJ Harris,,,,,,,,,,,,,
K , Calum Sutherland,,,,,,,,,,,,,
P , Ryan Hanson,,,,,,,,,,,,,
RS , Jaivon Heiligh,,,,,,,,,,,,,
AP , Caleb Spurlin,,,,,,,,,,,,,
TE , Henry Pearson (Sr.,,,,,,,,,,,,,
DL , Jordon Earle (Jr.,,,,,,,,,,,,,
LB , T.D. Roof (Sr.,,,,,,,,,,,,,
DB , Ryan Huff (Sr.,,,,,,,,,,,,,
OL , Andre Harris Jr. (RS Jr.,,,,,,,,,,,,,
TE , Emmanual Stevenson (Fr.,,,,,,,,,,,,,
DL , Joe Ozougwu (RS Sr.,,,,,,,,,,,,,
DB , Elery Alexander (Sr.,,,,,,,,,,,,,
RB , Braydon Bennett (RS Fr.,,,,,,,,,,,,,
WR , Kameron Brown (Super Sr.,,,,,,,,,,,,,
LB , Teddy Gallagher (Super Sr.,,,,,,,,,,,,,
SPUR , Enock Makonzo (RS Sr.,,,,,,,,,,,,,
RB , Logan Wright (RS Sr.,,,,,,,,,,,,,
OL , Aaron Dowdell (Super Sr.,,,,,,,,,,,,,
WR , Khaleb Hood (Jr.,,,,,,,,,,,,,
DL , Justin Ellis (RS Sr.,,,,,,,,,,,,,
RB , Jamyest Williams (RS Sr.,,,,,,,,,,,,,
TE , Aubry Payne (RS Sr.,,,,,,,,,,,,,
DL , Thomas Gore (RS So.,,,,,,,,,,,,,
LB , Jordan Veneziale (Jr.,,,,,,,,,,,,,
TE ,Johnny Lumpkin (RS Jr.,,,,,,,,,,,,,
WR ,Michael Jefferson (Jr.,,,,,,,,,,,,,
LB ,Ferrod Gardner (RS Sr.,,,,,,,,,,,,,
DB ,Bralen Trahan (RS Jr.,,,,,,,,,,,,,
DL , Ty Shelby (Gr.,,,,,,,,,,,,,
DL , Caleb Thomas (Jr.,,,,,,,,,,,,,
LB , Traveion Webster (Sr.,,,,,,,,,,,,,
LB , Zack Woodard (Jr.,,,,,,,,,,,,,
QB , Jake Bentley (Sr.,,,,,,,,,,,,,
WR , Jalen Wayne (Jr.,,,,,,,,,,,,,
DL , Wy’Kevious Thomas (RS Fr.,,,,,,,,,,,,,
P , Jack Brooks (So.,,,,,,,,,,,,,
OL , Kyle Hergel (So.,,,,,,,,,,,,,
DL , Jordan Revels (So.,,,,,,,,,,,,,
DL , Caeveon Patton (Sr.,,,,,,,,,,,,,
K , Seth Keller (So.,,,,,,,,,,,,,
RB , Kimani Vidal (Fr.,,,,,,,,,,,,,
LB , KJ Robertson (Jr.,,,,,,,,,,,,,
DB , Reddy Steward (So.,,,,,,,,,,,,,
LS , Cameron Kaye (Sr.,,,,,,,,,,,,,
 QB,Grayson McCall,,,,,,,,,,,,,
 RB,CJ Marable,,,,,,,,,,,,,
 RB,Elijah Mitchell,,,,,,,,,,,,,
 TE,Isaiah Likely,,,,,,,,,,,,,
 WR,Jonathan Adams,,,,,,,,,,,,,
 WR,Jaivon Heiligh,,,,,,,,,,,,,
 WR,Jalen Tolbert,,,,,,,,,,,,,
 OL,Noah Hannon,,,,,,,,,,,,,
 OL,Trey Carter,,,,,,,,,,,,,
 OL,Shamarious Gilmore,,,,,,,,,,,,,
 OL,Austin Stidham,,,,,,,,,,,,,
 OL,Baer Hunter,,,,,,,,,,,,,
 DL,Tarron Jackson,,,,,,,,,,,,,
 DL,Demetrius Taylor,,,,,,,,,,,,,
 DL,Raymond Johnson,,,,,,,,,,,,,
 DL,Jeffrey Gunter,,,,,,,,,,,,,
 DL,C.J. Brewer,,,,,,,,,,,,,
 LB,Carlton Martial,,,,,,,,,,,,,
 LB,Justin Rice,,,,,,,,,,,,,
 LB,Riley Cole,,,,,,,,,,,,,
 DB,D’Jordan Strong,,,,,,,,,,,,,
 DB,Shemar Jean-Charles,,,,,,,,,,,,,
 DB,Shaun Jolly,,,,,,,,,,,,,
 DB,Derrick Canteen,,,,,,,,,,,,,
 Kicker,Noel Ruiz,,,,,,,,,,,,,
 Punter,Jack Martin,,,,,,,,,,,,,
 All Purpose,CJ Marable,,,,,,,,,,,,,
 Return Specialist,Chris Smith,,,,,,,,,,,,,
 QB,Levi Lewis,,,,,,,,,,,,,
 RB,Trey Ragas,,,,,,,,,,,,,
 RB,Camerun Peoples,,,,,,,,,,,,,
 TE,Josh Pederson,,,,,,,,,,,,,
 WR,Kawaan Baker,,,,,,,,,,,,,
 WR,Kaylon Geiger,,,,,,,,,,,,,
 WR,Sam Pinckney,,,,,,,,,,,,,
 OL,O’Cyrus Torrence,,,,,,,,,,,,,
 OL,Cooper Hodges,,,,,,,,,,,,,
 OL,Dylan Bradshaw,,,,,,,,,,,,,
 OL,Willie Lampkin,,,,,,,,,,,,,
 OL,Max Mitchell,,,,,,,,,,,,,
 DL,Will Choloh,,,,,,,,,,,,,
 DL,Zi’Yon Hill,,,,,,,,,,,,,
 DL,Forrest Merrill,,,,,,,,,,,,,
 DL,Hardrick Willis,,,,,,,,,,,,,
 LB,Silas Kelly,,,,,,,,,,,,,
 LB,Rashad Byrd,,,,,,,,,,,,,
 LB,D’Marco Jackson,,,,,,,,,,,,,
 DB,Bralen Trahan,,,,,,,,,,,,,
 DB,Quavian White,,,,,,,,,,,,,
 DB,Terence Dunlap,,,,,,,,,,,,,
 DB,Jarron Morris,,,,,,,,,,,,,
 DB,Antavious Lane,,,,,,,,,,,,,
 Kicker,Massimo Biscardi,,,,,,,,,,,,,
 Punter,Rhys Byrns,,,,,,,,,,,,,
 All Purpose,Jeremiah Haydel,,,,,,,,,,,,,
 Return Specialist,Jeremiah Haydel,,,,,,,,,,,,,
 QB,Zac Thomas,,,,,,,,,,,,,
 RB,Destin Coates,,,,,,,,,,,,,
 RB,Daetrich Harrington,,,,,,,,,,,,,
 WR,Thomas Hennigan,,,,,,,,,,,,,
 WR,Marcell Barbee,,,,,,,,,,,,,
 WR,Malik Williams,,,,,,,,,,,,,
 TE,Roger Carter,,,,,,,,,,,,,
 OL,Ken Marks,,,,,,,,,,,,,
 OL,Ryan Neuzil,,,,,,,,,,,,,
 OL,Aaron Dowdell,,,,,,,,,,,,,
 OL,Sam Thompson,,,,,,,,,,,,,
 OL,Shane Vallot,,,,,,,,,,,,,
 DL,Nico Ezidore,,,,,,,,,,,,,
 DL,Richard Jibunor,,,,,,,,,,,,,
 DL,Dontae Wilson,,,,,,,,,,,,,
 DL,Jeremiah Littles,,,,,,,,,,,,,
 LB,Jordan Strachan,,,,,,,,,,,,,
 LB,Lorenzo McCaskill,,,,,,,,,,,,,
 LB,Teddy Gallagher,,,,,,,,,,,,,
 DB,Keith Gallmon,,,,,,,,,,,,,
 DB,Eric Garror,,,,,,,,,,,,,
 DB,Alex Spillum,,,,,,,,,,,,,
 DB,Kaiden Smith,,,,,,,,,,,,,
 DB,Dell Pettus,,,,,,,,,,,,,
 Kicker,Diego Guajardo,,,,,,,,,,,,,
 Punter,Anthony Beck,,,,,,,,,,,,,
 All Purpose,Chris Smith,,,,,,,,,,,,,
 Return Specialist,Jalen Virgil,,,,,,,,,,,,,
 OLB,Brendan Harrington,,,,,,,,,,,,,
 DB,Ryan Huff,,,,,,,,,,,,,
 DE,Caleb Spurlin,,,,,,,,,,,,,
 TE,Henry Pearson,,,,,,,,,,,,,
 DE/TE,TW Ayers,,,,,,,,,,,,,
 QB,Logan Bonner,,,,,,,,,,,,,
 WR,Brandon Bowling,,,,,,,,,,,,,
 QB,Layne Hatcher,,,,,,,,,,,,,
 SPUR,Enock Makonzo,,,,,,,,,,,,,
 OL,Antwine Loper,,,,,,,,,,,,,
 RB,Reese White,,,,,,,,,,,,,
 OL,Steven Bedosky,,,,,,,,,,,,,
 RB,JD King,,,,,,,,,,,,,
 LS,Ryan Langan,,,,,,,,,,,,,
 QB,Shai Werts,,,,,,,,,,,,,
 S,Anthony Wilson,,,,,,,,,,,,,
 LB,Blake Carroll,,,,,,,,,,,,,
 WR,Cornelius McCoy,,,,,,,,,,,,,
 LB,Trajan Stephens-McQueen,,,,,,,,,,,,,
 OL,Malik Sumter,,,,,,,,,,,,,
 LB,Ferrod Gardner,,,,,,,,,,,,,
 DL,Tayland Humphrey,,,,,,,,,,,,,
 CB,Mekhi Garner,,,,,,,,,,,,,
 S,Percy Butler,,,,,,,,,,,,,
 DB,Austin Hawley,,,,,,,,,,,,,
 OL,Evan Henry,,,,,,,,,,,,,
 DL,Ty Shelby,,,,,,,,,,,,,
 LB,Traveion Webster,,,,,,,,,,,,,
 TE,Brandon Crum,,,,,,,,,,,,,
 RB,Carlos Davis,,,,,,,,,,,,,
 DL,Gi’Narious Johnson,,,,,,,,,,,,,
 LB,Nick Mobley,,,,,,,,,,,,,
 OL,Russell Baker,,,,,,,,,,,,,
 OL  ,Dalton Cooper,,,,,,,,,,,,,
 Punter,Seamus O’Kelly,,,,,,,,,,,,,
 RB,Brock Sturges,,,,,,,,,,,,,
 DL,Javon Solomon,,,,,,,,,,,,,
 RB,Kimani Vidal,,,,,,,,,,,,,
 WR,Reggie Todd,,,,,,,,,,,,,
 LB,K.J. Robertson,,,,,,,,,,,,,
 QB,Grayson McCall,,,,,,,,,,,,,
 RB,CJ Marable,,,,,,,,,,,,,
 RB,Elijah Mitchell,,,,,,,,,,,,,
 TE,Isaiah Likely,,,,,,,,,,,,,
 WR,Jonathan Adams,,,,,,,,,,,,,
 WR,Jaivon Heiligh,,,,,,,,,,,,,
 WR,Jalen Tolbert,,,,,,,,,,,,,
 OL,Noah Hannon,,,,,,,,,,,,,
 OL,Trey Carter,,,,,,,,,,,,,
 OL,Shamarious Gilmore,,,,,,,,,,,,,
 OL,Austin Stidham,,,,,,,,,,,,,
 OL,Baer Hunter,,,,,,,,,,,,,
 DL,Tarron Jackson,,,,,,,,,,,,,
 DL,Demetrius Taylor,,,,,,,,,,,,,
 DL,Raymond Johnson,,,,,,,,,,,,,
 DL,Jeffrey Gunter,,,,,,,,,,,,,
 DL,C.J. Brewer,,,,,,,,,,,,,
 LB,Carlton Martial,,,,,,,,,,,,,
 LB,Justin Rice,,,,,,,,,,,,,
 LB,Riley Cole,,,,,,,,,,,,,
 DB,D’Jordan Strong,,,,,,,,,,,,,
 DB,Shemar Jean-Charles,,,,,,,,,,,,,
 DB,Shaun Jolly,,,,,,,,,,,,,
 DB,Derrick Canteen,,,,,,,,,,,,,
 Kicker,Noel Ruiz,,,,,,,,,,,,,
 Punter,Jack Martin,,,,,,,,,,,,,
 All Purpose,CJ Marable,,,,,,,,,,,,,
 Return Specialist,Chris Smith,,,,,,,,,,,,,
 QB,Levi Lewis,,,,,,,,,,,,,
 RB,Trey Ragas,,,,,,,,,,,,,
 RB,Camerun Peoples,,,,,,,,,,,,,
 TE,Josh Pederson,,,,,,,,,,,,,
 WR,Kawaan Baker,,,,,,,,,,,,,
 WR,Kaylon Geiger,,,,,,,,,,,,,
 WR,Sam Pinckney,,,,,,,,,,,,,
 OL,O’Cyrus Torrence,,,,,,,,,,,,,
 OL,Cooper Hodges,,,,,,,,,,,,,
 OL,Dylan Bradshaw,,,,,,,,,,,,,
 OL,Willie Lampkin,,,,,,,,,,,,,
 OL,Max Mitchell,,,,,,,,,,,,,
 DL,Will Choloh,,,,,,,,,,,,,
 DL,Zi’Yon Hill,,,,,,,,,,,,,
 DL,Forrest Merrill,,,,,,,,,,,,,
 DL,Hardrick Willis,,,,,,,,,,,,,
 LB,Silas Kelly,,,,,,,,,,,,,
 LB,Rashad Byrd,,,,,,,,,,,,,
 LB,D’Marco Jackson,,,,,,,,,,,,,
 DB,Bralen Trahan,,,,,,,,,,,,,
 DB,Quavian White,,,,,,,,,,,,,
 DB,Terence Dunlap,,,,,,,,,,,,,
 DB,Jarron Morris,,,,,,,,,,,,,
 DB,Antavious Lane,,,,,,,,,,,,,
 Kicker,Massimo Biscardi,,,,,,,,,,,,,
 Punter,Rhys Byrns,,,,,,,,,,,,,
 All Purpose,Jeremiah Haydel,,,,,,,,,,,,,
 Return Specialist,Jeremiah Haydel,,,,,,,,,,,,,
 QB,Zac Thomas,,,,,,,,,,,,,
 RB,Destin Coates,,,,,,,,,,,,,
 RB,Daetrich Harrington,,,,,,,,,,,,,
 WR,Thomas Hennigan,,,,,,,,,,,,,
 WR,Marcell Barbee,,,,,,,,,,,,,
 WR,Malik Williams,,,,,,,,,,,,,
 TE,Roger Carter,,,,,,,,,,,,,
 OL,Ken Marks,,,,,,,,,,,,,
 OL,Ryan Neuzil,,,,,,,,,,,,,
 OL,Aaron Dowdell,,,,,,,,,,,,,
 OL,Sam Thompson,,,,,,,,,,,,,
 OL,Shane Vallot,,,,,,,,,,,,,
 DL,Nico Ezidore,,,,,,,,,,,,,
 DL,Richard Jibunor,,,,,,,,,,,,,
 DL,Dontae Wilson,,,,,,,,,,,,,
 DL,Jeremiah Littles,,,,,,,,,,,,,
 LB,Jordan Strachan,,,,,,,,,,,,,
 LB,Lorenzo McCaskill,,,,,,,,,,,,,
 LB,Teddy Gallagher,,,,,,,,,,,,,
 DB,Keith Gallmon,,,,,,,,,,,,,
 DB,Eric Garror,,,,,,,,,,,,,
 DB,Alex Spillum,,,,,,,,,,,,,
 DB,Kaiden Smith,,,,,,,,,,,,,
 DB,Dell Pettus,,,,,,,,,,,,,
 Kicker,Diego Guajardo,,,,,,,,,,,,,
 Punter,Anthony Beck,,,,,,,,,,,,,
 All Purpose,Chris Smith,,,,,,,,,,,,,
 Return Specialist,Jalen Virgil,,,,,,,,,,,,,
 OLB,Brendan Harrington,,,,,,,,,,,,,
 DB,Ryan Huff,,,,,,,,,,,,,
 DE,Caleb Spurlin,,,,,,,,,,,,,
 TE,Henry Pearson,,,,,,,,,,,,,
 DE/TE,TW Ayers,,,,,,,,,,,,,
 QB,Logan Bonner,,,,,,,,,,,,,
 WR,Brandon Bowling,,,,,,,,,,,,,
 QB,Layne Hatcher,,,,,,,,,,,,,
 SPUR,Enock Makonzo,,,,,,,,,,,,,
 OL,Antwine Loper,,,,,,,,,,,,,
 RB,Reese White,,,,,,,,,,,,,
 OL,Steven Bedosky,,,,,,,,,,,,,
 RB,JD King,,,,,,,,,,,,,
 LS,Ryan Langan,,,,,,,,,,,,,
 QB,Shai Werts,,,,,,,,,,,,,
 S,Anthony Wilson,,,,,,,,,,,,,
 LB,Blake Carroll,,,,,,,,,,,,,
 WR,Cornelius McCoy,,,,,,,,,,,,,
 LB,Trajan Stephens-McQueen,,,,,,,,,,,,,
 OL,Malik Sumter,,,,,,,,,,,,,
 LB,Ferrod Gardner,,,,,,,,,,,,,
 DL,Tayland Humphrey,,,,,,,,,,,,,
 CB,Mekhi Garner,,,,,,,,,,,,,
 S,Percy Butler,,,,,,,,,,,,,
 DB,Austin Hawley,,,,,,,,,,,,,
 OL,Evan Henry,,,,,,,,,,,,,
 DL,Ty Shelby,,,,,,,,,,,,,
 LB,Traveion Webster,,,,,,,,,,,,,
 TE,Brandon Crum,,,,,,,,,,,,,
 RB,Carlos Davis,,,,,,,,,,,,,
 DL,Gi’Narious Johnson,,,,,,,,,,,,,
 LB,Nick Mobley,,,,,,,,,,,,,
 OL,Russell Baker,,,,,,,,,,,,,
 OL  ,Dalton Cooper,,,,,,,,,,,,,
 Punter,Seamus O’Kelly,,,,,,,,,,,,,
 RB,Brock Sturges,,,,,,,,,,,,,
 DL,Javon Solomon,,,,,,,,,,,,,
 RB,Kimani Vidal,,,,,,,,,,,,,
 WR,Reggie Todd,,,,,,,,,,,,,
 LB,K.J. Robertson,,,,,,,,,,,,,
 QB,Kaleb Barker,,,,,,,,,,,,,
 RB,Darrynton Evans,,,,,,,,,,,,,
 RB,Tra Barnett,,,,,,,,,,,,,
 WR,Omar Bayless,,,,,,,,,,,,,
 WR,Kirk Merritt,,,,,,,,,,,,,
 WR,Kaylon Geiger,,,,,,,,,,,,,
 TE,Josh Pederson,,,,,,,,,,,,,
 OL,Noah Hannon,,,,,,,,,,,,,
 OL,Victor Johnson,,,,,,,,,,,,,
 OL,Hunter Atkinson,,,,,,,,,,,,,
 OL,Kevin Dotson,,,,,,,,,,,,,
 OL,Robert Hunt,,,,,,,,,,,,,
 DL,Demetrius Taylor,,,,,,,,,,,,,
 DL,William Bradley-King,,,,,,,,,,,,,
 DL,Tarron Jackson,,,,,,,,,,,,,
 DL,Raymond Johnson III,,,,,,,,,,,,,
 LB,Akeem Davis-Gaither,,,,,,,,,,,,,
 LB,Bryan London II,,,,,,,,,,,,,
 LB,Carlton Martial,,,,,,,,,,,,,
 DB,Shaun Jolly,,,,,,,,,,,,,
 DB,Darreon Jackson,,,,,,,,,,,,,
 DB,Kindle Vildor,,,,,,,,,,,,,
 DB,Corey Straughter,,,,,,,,,,,,,
 DB,Will Sunderland,,,,,,,,,,,,,
 PK,Blake Grupe,,,,,,,,,,,,,
 P,Cody Grace,,,,,,,,,,,,,
 RS,Raymond Calais,,,,,,,,,,,,,
 AP,Tra Minter,,,,,,,,,,,,,
 QB,Dan Ellington,,,,,,,,,,,,,
 RB,Elijah Mitchell,,,,,,,,,,,,,
 RB,Josh Johnson,,,,,,,,,,,,,
 WR,Thomas Hennigan,,,,,,,,,,,,,
 WR,Corey Sutton,,,,,,,,,,,,,
 WR,Ja'Marcus Bradley,,,,,,,,,,,,,
 TE,Aubry Payne,,,,,,,,,,,,,
 OL,Cooper Hodges,,,,,,,,,,,,,
 OL,Baer Hunter,,,,,,,,,,,,,
 OL,Bobby Reynolds,,,,,,,,,,,,,
 OT,Aaron Brewer,,,,,,,,,,,,,
 OL,J.l. Gaston,,,,,,,,,,,,,
 DL,Kevin Thurmon,,,,,,,,,,,,,
 DL,Zi'Yon Hill,,,,,,,,,,,,,
 DL,Jeffery Whatley,,,,,,,,,,,,,
 DL,Will Choloh,,,,,,,,,,,,,
 LB,Jordan Fehr,,,,,,,,,,,,,
 LB,Rashad Byrd,,,,,,,,,,,,,
 LB,Joe Dillon,,,,,,,,,,,,,
 LB,Cortez Sisco,,,,,,,,,,,,,
 DB,Josh Thomas,,,,,,,,,,,,,
 DB,B.J. Edmonds,,,,,,,,,,,,,
 DB,Chandler Kryst,,,,,,,,,,,,,
 DB,Michael Jacquet III,,,,,,,,,,,,,
 PK,Tyler Bass,,,,,,,,,,,,,
 P,Rhys Byrns,,,,,,,,,,,,,
 AP,Darrynton Evans,,,,,,,,,,,,,
 RS,Darrynton Evans,,,,,,,,,,,,,
 QB,Zac Thomas,,,,,,,,,,,,,
 RB,Raymond Calais,,,,,,,,,,,,,
 RB,Trey Ragas,,,,,,,,,,,,,
 WR,Jonathan Adams,,,,,,,,,,,,,
 WR,Cornelius McCoy,,,,,,,,,,,,,
 WR,Reggie Todd,,,,,,,,,,,,,
 TE,Isaiah Likely,,,,,,,,,,,,,
 OL,Jarrett Horst,,,,,,,,,,,,,
 OL,Jacob Still,,,,,,,,,,,,,
 OL,Trey Carter,,,,,,,,,,,,,
 OL,Shamarious Gilmore,,,,,,,,,,,,,
 OL,Kirk Kelley,,,,,,,,,,,,,
 DL,E.J. Scott,,,,,,,,,,,,,
 DL,C.J. Brewer,,,,,,,,,,,,,
 DL,Sterling Johnson,,,,,,,,,,,,,
 DL,Donald Louis,,,,,,,,,,,,,
 DL,Marcus Webb,,,,,,,,,,,,,
 LB,Tajhea Chambers,,,,,,,,,,,,,
 LB,Teddy Gallagher,,,,,,,,,,,,,
 LB,Nikolas Daniels,,,,,,,,,,,,,
 DB,Desmond Franklin,,,,,,,,,,,,,
 DB,Monquavion Brinson,,,,,,,,,,,,,
 DB,Kenderick Duncan Jr.,,,,,,,,,,,,,
 DB,Travis Reed,,,,,,,,,,,,,
 PK,Stevie Artigue,,,,,,,,,,,,,
 P,Tyler Sumpter,,,,,,,,,,,,,
 RS,Reggie Todd,,,,,,,,,,,,,
 AP,Raymond Calais,,,,,,,,,,,,,
 LB,Noel Cook,,,,,,,,,,,,,
 OL,Ryan Neuzil,,,,,,,,,,,,,
 RB,Marcus Williams Jr.,,,,,,,,,,,,,
 WR,Malik Williams,,,,,,,,,,,,,
 LB,Caleb Bonner,,,,,,,,,,,,,
 OL,Andre Harris Jr.,,,,,,,,,,,,,
 RB,Marcel Murray,,,,,,,,,,,,,
 OL,Ivory Scott,,,,,,,,,,,,,
 TE,Shadell Bell,,,,,,,,,,,,,
 WR,Jaivon Heiligh,,,,,,,,,,,,,
 OL,Ethan Howard,,,,,,,,,,,,,
 RB,CJ Marable,,,,,,,,,,,,,
 QB,Shai Werts,,,,,,,,,,,,,
 RB,Wesley Kennedy III,,,,,,,,,,,,,
 RB,J.D. King,,,,,,,,,,,,,
 LB,Reynard Ellis,,,,,,,,,,,,,
 TE,Roger Carter,,,,,,,,,,,,,
 C,Malik Sumter,,,,,,,,,,,,,
 DE,Hardrick Willis,,,,,,,,,,,,,
 NG,Dontae Wilson,,,,,,,,,,,,,
 LB,Jacques Boudreaux,,,,,,,,,,,,,
 WR,Jarrod Jackson,,,,,,,,,,,,,
 LB,Chauncey Manac,,,,,,,,,,,,,
 TE,Nick Ralston,,,,,,,,,,,,,
 QB,Caleb Evans,,,,,,,,,,,,,
 WR,Markis McCray,,,,,,,,,,,,,
 DL,Larance Shaw,,,,,,,,,,,,,
 OL,Eastwood Thomas,,,,,,,,,,,,,
 WR,Kawaan Baker,,,,,,,,,,,,,
 DL,Sean Brown,,,,,,,,,,,,,
 LB,Riley Cole,,,,,,,,,,,,,
 OL,Jacob Shoemaker,,,,,,,,,,,,,
 CB,Jarron Morris,,,,,,,,,,,,,
 DT,Caeveon Patton,,,,,,,,,,,,,
 WR,Hutch White,,,,,,,,,,,,,
 CB,Khambrail Winters,,,,,,,,,,,,,
 OL,Dylan Bradshaw,,,,,,,,,,,,,
 WR,Khalil McClain,,,,,,,,,,,,,
 DB,Dell Pettus,,,,,,,,,,,,,
 OL,Austin Stidham,,,,,,,,,,,,,
QB,Kaidon Salter,,,,Kaidon,Salter,,,,,,,,
RB,Quinton Cooley,,,,Quinton,Cooley,,,,,,,,
RB,Malik Jackson,,,,Malik,Jackson,,,,,,,,
WR,Smoke Harris,,,,Smoke,Harris,,,,,,,,
WR,Kelly Akharaiyi,,,,Kelly,Akharaiyi,,,,,,,,
WR,Malachi Corley,,,,Malachi,Corley,,,,,,,,
TE,Holden Willis,,,,Holden,Willis,,,,,,,,
OL,X’Zauvea Gadlin,,,,X’Zauvea,Gadlin,,,,,,,,
OL,Andrew Meyer,,,,Andrew,Meyer,,,,,,,,
OL,Keylan Rutledge,,,,Keylan,Rutledge,,,,,,,,
OL,Shiyazh Pete,,,,Shiyazh,Pete,,,,,,,,
OL,Elijah Klein,,,,Elijah,Klein,,,,,,,,
DE,Maurice Westmoreland,,,,Maurice,Westmoreland,,,,,,,,
DT,Jordan Guerad,,,,Jordan,Guerad,,,,,,,,
DT,Sterling Webb,,,,Sterling,Webb,,,,,,,,
DE,Chris Hardie,,,,Chris,Hardie,,,,,,,,
LB,Tyrice Knight,,,,Tyrice,Knight,,,,,,,,
LB,Tyren Dupree,,,,Tyren,Dupree,,,,,,,,
LB,Trevor Williams,,,,Trevor,Williams,,,,,,,,
DB,Willie Roberts,,,,Willie,Roberts,,,,,,,,
DB,Kobe Singleton,,,,Kobe,Singleton,,,,,,,,
DB,Brylan Green,,,,Brylan,Green,,,,,,,,
DB,Da’Marcus Crosby,,,,Da’Marcus,Crosby,,,,,,,,
K,Ethan Albertson,,,,Ethan,Albertson,,,,,,,,
P,Blake Ochsendorf,,,,Blake,Ochsendorf,,,,,,,,
KR,Aaron Bedgood,,,,Aaron,Bedgood,,,,,,,,
PR,Smoke Harris,,,,Smoke,Harris,,,,,,,,
LS,Brody Butler,,,,Brody,Butler,,,,,,,,
QB,Diego Pavia,,,,Diego,Pavia,,,,,,,,
RB,Deion Hankins,,,,Deion,Hankins,,,,,,,,
RB,Star Thomas,,,,Star,Thomas,,,,,,,,
WR,Kris Mitchell,,,,Kris,Mitchell,,,,,,,,
WR,CJ Daniels,,,,CJ,Daniels,,,,,,,,
WR,Elijah Metcalf,,,,Elijah,Metcalf,,,,,,,,
TE,Sean Brown,,,,Sean,Brown,,,,,,,,
OL,Jonathan Graham,,,,Jonathan,Graham,,,,,,,,
OL,Jordan White,,,,Jordan,White,,,,,,,,
OL,Treylen Brown,,,,Treylen,Brown,,,,,,,,
OL,Clay Webb,,,,Clay,Webb,,,,,,,,
OL,Canaan Yarro,,,,Canaan,Yarro,,,,,,,,
DE,Praise Amaewhule,,,,Praise,Amaewhule,,,,,,,,
DT,Hosea Wheeler,,,,Hosea,Wheeler,,,,,,,,
DT,Jay Hardy,,,,Jay,Hardy,,,,,,,,
DE,Quindarius Dunnigan,,,,Quindarius,Dunnigan,,,,,,,,
LB,Donovan Manuel,,,,Donovan,Manuel,,,,,,,,
LB,Sam Brumfield,,,,Sam,Brumfield,,,,,,,,
LB,Keyshaun Elliott,,,,Keyshaun,Elliott,,,,,,,,
DB,Kendrick Simpkins,,,,Kendrick,Simpkins,,,,,,,,
DB,Teldrick Ross,,,,Teldrick,Ross,,,,,,,,
DB,Jeremiah Harris,,,,Jeremiah,Harris,,,,,,,,
DB,Derek Carter,,,,Derek,Carter,,,,,,,,
K,Jacob Barnes,,,,Jacob,Barnes,,,,,,,,
P,Joshua Sloan,,,,Joshua,Sloan,,,,,,,,
KR,Demarcus Griffin-Taylor,,,,Demarcus,Griffin-Taylor,,,,,,,,
PR,Dean Patterson,,,,Dean,Patterson,,,,,,,,
LS,Charlie Eberle,,,,Charlie,Eberle,,,,,,,,
QB,Austin Reed,,,,Austin,Reed,,,,,,,,
RB,Torrance Burgess,,,,Torrance,Burgess,,,,,,,,
RB,Billy Lucas,,,,Billy,Lucas,,,,,,,,
WR,Perry Carter,,,,Perry,Carter,,,,,,,,
WR,Cyrus Allen,,,,Cyrus,Allen,,,,,,,,
WR,Noah Smith,,,,Noah,Smith,,,,,,,,
TE,Eli Stowers,,,,Eli,Stowers,,,,,,,,
OL,Carson Bruno,,,,Carson,Bruno,,,,,,,,
OL,Xavior Gray,,,,Xavior,Gray,,,,,,,,
OL,Justin Mayers,,,,Justin,Mayers,,,,,,,,
OL,Will O’Steen,,,,Will,O’Steen,,,,,,,,
OL,Vincent Murphy,,,,Vincent,Murphy,,,,,,,,
DE,J-Rock Swain,,,,J-Rock,Swain,,,,,,,,
DT,Jeff Marks,,,,Jeff,Marks,,,,,,,,
DT,Izaiah Reed,,,,Izaiah,Reed,,,,,,,,
DE,CJ Bazile,,,,CJ,Bazile,,,,,,,,
LB,Quae Drake,,,,Quae,Drake,,,,,,,,
LB,Jeslord Boatang,,,,Jeslord,Boatang,,,,,,,,
LB,James Neal,,,,James,Neal,,,,,,,,
DB,Anthony Johnson,,,,Anthony,Johnson,,,,,,,,
DB,Tra Fluellen,,,,Tra,Fluellen,,,,,,,,
DB,Kobe Hylton,,,,Kobe,Hylton,,,,,,,,
DB,Jordan Vincent,,,,Jordan,Vincent,,,,,,,,
K,Lucas Carneiro,,,,Lucas,Carneiro,,,,,,,,
P,Jack Dawson,,,,Jack,Dawson,,,,,,,,
KR,Easton Messer,,,,Easton,Messer,,,,,,,,
PR,Torrance Burgess,,,,Torrance,Burgess,,,,,,,,
LS,Trey Naughton,,,,Trey,Naughton,,,,,,,,
QB,Frank Harris,,,,,,,,,,,,,
RB,DeWayne McBride,,,,,,,,,,,,,
RB,Larry McCammon III,,,,,,,,,,,,,
WR,Zakhari Franklin,,,,,,,,,,,,,
WR,Malachi Corley,,,,,,,,,,,,,
WR,Tre Harris,,,,,,,,,,,,,
TE,Var’Keyes Gumms,,,,,,,,,,,,,
OL,Ahofitu Maka,,,,,,,,,,,,,
OL,Manase Mose,,,,,,,,,,,,,
OL,Jeremiah Byers,,,,,,,,,,,,,
OL,Sidney Wells,,,,,,,,,,,,,
OL,Kadeem Telfort,,,,,,,,,,,,,
DE,Jadrian Taylor,,,,,,,,,,,,,
DT,Brandon Brown,,,,,,,,,,,,,
DT, Keivie Rose,,,,,,,,,,,,,
DE,Jordan Ferguson,,,,,,,,,,,,,
LB, KD Davis,,,,,,,,,,,,,
LB, Noah Wilder,,,,,,,,,,,,,
LB, JaQues Evans,,,,,,,,,,,,,
DB, Clifford Chattman,,,,,,,,,,,,,
DB, Corey Mayfield Jr.,,,,,,,,,,,,,
DB, Ridge Texada,,,,,,,,,,,,,
DB, Starling Thomas V,,,,,,,,,,,,,
K, Gavin Baechle,,,,,,,,,,,,,
P, Kyle Ulbrich,,,,,,,,,,,,,
LS, Brody Butler,,,,,,,,,,,,,
KR, Kaylon Horton,,,,,,,,,,,,,
PR, Smoke Harris,,,,,,,,,,,,,
QB, Austin Reed,,,,,,,,,,,,,
RB, Jermaine Brown Jr.,,,,,,,,,,,,,
RB, Deion Hankins,,,,,,,,,,,,,
WR, De’Corian Clark,,,,,,,,,,,,,
WR, Joshua Cephus,,,,,,,,,,,,,
WR, Grant DuBose,,,,,,,,,,,,,
TE, Joshua Simon,,,,,,,,,,,,,
OL, Will Rykard,,,,,,,,,,,,,
OL, Shea Baker,,,,,,,,,,,,,
OL, Brendan Bordner,,,,,,,,,,,,,
OL, Gunner Britton,,,,,,,,,,,,,
OL, Quincy McGee,,,,,,,,,,,,,
DE, Praise Amaewhule,,,,,,,,,,,,,
DT, Evan Anderson,,,,,,,,,,,,,
DT, Fish McWilliams,,,,,,,,,,,,,
DE, Amir Siddiq,,,,,,,,,,,,,
LB, Mazin Richards,,,,,,,,,,,,,
LB, Jamal Ligon,,,,,,,,,,,,,
LB, Tyrice Knight,,,,,,,,,,,,,
DB, Teldrick Ross,,,,,,,,,,,,,
DB, Grayson Cash,,,,,,,,,,,,,
DB, Kahlef Hailassie,,,,,,,,,,,,,
DB, Myles Brooks,,,,,,,,,,,,,
K, Jared Sackett,,,,,,,,,,,,,
P, Lucas Dean,,,,,,,,,,,,,
LS, Angelo Tejada,,,,,,,,,,,,,
KR, Smoke Harris,,,,,,,,,,,,,
PR, Jaylin Lane,,,,,,,,,,,,,
QB, Austin Aune,,,,,,,,,,,,,
QB, Chase Cunningham,,,,,,,,,,,,,
QB, Chris Reynolds,,,,,,,,,,,,,
QB, Grayson James,,,,,,,,,,,,,
RB, Marquis Crosby,,,,,,,,,,,,,
RB, Brenden Brady,,,,,,,,,,,,,
RB, Kevorian Barnes,,,,,,,,,,,,,
RB, Frank Peasant,,,,,,,,,,,,,
RB, Kye Robichaux,,,,,,,,,,,,,
WR, Tyrin Smith,,,,,,,,,,,,,
WR, Daewood Davis,,,,,,,,,,,,,
WR, Trea Shropshire,,,,,,,,,,,,,
WR, Bradley Rozner,,,,,,,,,,,,,
WR, Jaylin Lane,,,,,,,,,,,,,
WR, Elijah Spencer,,,,,,,,,,,,,
WR, LaJohntay Wester,,,,,,,,,,,,,
WR, Tejhaun Palmer,,,,,,,,,,,,,
WR, Jyaire Shorter,,,,,,,,,,,,,
TE, Jake Roberts,,,,,,,,,,,,,
TE, Oscar Cardenas,,,,,,,,,,,,,
TE, Rivaldo Fairweather,,,,,,,,,,,,,
TE, Jack Bradley,,,,,,,,,,,,,
TE, Izaiah Gathings,,,,,,,,,,,,,
OL, Rusty Staats,,,,,,,,,,,,,
OL, Ernesto Almaraz,,,,,,,,,,,,,
OL, Andrew Meyer,,,,,,,,,,,,,
OL, Quantavious Leslie,,,,,,,,,,,,,
OL, Kevin Davis,,,,,,,,,,,,,
OL, Walker Baty,,,,,,,,,,,,,
OL, Ashton Gist,,,,,,,,,,,,,
OL, Nick Weber,,,,,,,,,,,,,
OL, Carson Bruno,,,,,,,,,,,,,
OL, Joshua Mote,,,,,,,,,,,,,
OL, Jacob Peace,,,,,,,,,,,,,
OL, Vincent Murphy,,,,,,,,,,,,,
OL, Clay Servin,,,,,,,,,,,,,
OL, Justin Mayers,,,,,,,,,,,,,
OL, Terrell Haynes,,,,,,,,,,,,,
OL, Jordan Palmer,,,,,,,,,,,,,
OL, Matthew Trehern,,,,,,,,,,,,,
OL, Elijah Klein,,,,,,,,,,,,,
OL, Steven Hubbard,,,,,,,,,,,,,
OL, Dakota White,,,,,,,,,,,,,
OL, Bert Hale,,,,,,,,,,,,,
DE, Ikenna Enechukwu,,,,,,,,,,,,,
DE, Nick Booker-Brown,,,,,,,,,,,,,
DE, Markees Watts,,,,,,,,,,,,,
DE, Juwuan Jones,,,,,,,,,,,,,
DE, Zaylin Wood,,,,,,,,,,,,,
DE, Trey Schuman,,,,,,,,,,,,,
DE, Drew Tuazama,,,,,,,,,,,,,
DT, Kelton Moss,,,,,,,,,,,,,
DT, Keenan Stewart,,,,,,,,,,,,,
DT, Brodric Martin,,,,,,,,,,,,,
DT, Isaiah Forte,,,,,,,,,,,,,
DT, Joe Evans,,,,,,,,,,,,,
DT, Marley Cook,,,,,,,,,,,,,
DT, Davon Strickland,,,,,,,,,,,,,
LB, Trey Moore,,,,,,,,,,,,,
LB, Derrick Smith,,,,,,,,,,,,,
LB, Trevor Harmanson,,,,,,,,,,,,,
LB, Cal Wallerstedt,,,,,,,,,,,,,
LB, Gaethan Bernadel,,,,,,,,,,,,,
LB, Josh Pearcy,,,,,,,,,,,,,
LB, Shaun Peterson Jr.,,,,,,,,,,,,,
LB, Donovan Manuel,,,,,,,,,,,,,
LB, Tyler Taylor,,,,,,,,,,,,,
DB, Decorian Patterson,,,,,,,,,,,,,
DB, Tra Fluellen,,,,,,,,,,,,,
DB, Nicktroy Fortune,,,,,,,,,,,,,
DB, Kobe Hylton,,,,,,,,,,,,,
DB, DeShawn Gaddie,,,,,,,,,,,,,
DB, Teja Young,,,,,,,,,,,,,
DB, Kaleb Oliver,,,,,,,,,,,,,
DB, Geo Howard,,,,,,,,,,,,,
DB, Jaylen Key,,,,,,,,,,,,,
DB, Armani Adams,,,,,,,,,,,,,
DB, Logan Wilson,,,,,,,,,,,,,
DB, Dennis Barnes,,,,,,,,,,,,,
DB, Willie Roberts,,,,,,,,,,,,,
DB, Upton Stout,,,,,,,,,,,,,
DB, Keondre Swoopes,,,,,,,,,,,,,
DB, Dadrian Taylor,,,,,,,,,,,,,
DB, Jordan Dunbar,,,,,,,,,,,,,
K, Ethan Mooney,,,,,,,,,,,,,
K, Brayden Narveson,,,,,,,,,,,,,
K, Zeke Rankin,,,,,,,,,,,,,
P, Kyle Greenwell,,,,,,,,,,,,,
P, Tom Ellard,,,,,,,,,,,,,
P, Daton Montiel,,,,,,,,,,,,,
P, Riley Thompson,,,,,,,,,,,,,
P, Joshua Sloan,,,,,,,,,,,,,
LS, J.P. Hadley,,,,,,,,,,,,,
LS, Jake Bowman,,,,,,,,,,,,,
LS, Cole Kizziah,,,,,,,,,,,,,
LS, Caleb Cantrell,,,,,,,,,,,,,
LS, Nicholas Marino,,,,,,,,,,,,,
KR, Chris Carpenter,,,,,,,,,,,,,
KR, Shadrick Byrd,,,,,,,,,,,,,
KR, Jermaine Brown Jr.,,,,,,,,,,,,,
KR, Jaylin Lane,,,,,,,,,,,,,
PR, Marcus Bellon,,,,,,,,,,,,,
PR, LaJohntay Wester,,,,,,,,,,,,,
PR, Joshua Cephus,,,,,,,,,,,,,
QB, Bailey Zappe,,,,,,,,,,,,,
RB, Sincere McCormick,,,,,,,,,,,,,
RB, Rasheen Ali,,,,,,,,,,,,,
WR, Jerreth Sterns,,,,,,,,,,,,,
WR, Jacob Cowing,,,,,,,,,,,,,
WR, Zakhari Franklin,,,,,,,,,,,,,
TE, Zack Kuntz,,,,,,,,,,,,,
OL, Alex Mollette,,,,,,,,,,,,,
OL, Cole Spencer,,,,,,,,,,,,,
OL, Spencer Burford,,,,,,,,,,,,,
OL, Colby Ragland,,,,,,,,,,,,,
OL, Mason Brooks,,,,,,,,,,,,,
DE, Praise Amaewhule,,,,,,,,,,,,,
DT, Elijah Garcia,,,,,,,,,,,,,
DT, Tyree Turner,,,,,,,,,,,,,
DE, DeAngelo Malone,,,,,,,,,,,,,
LB, KD Davis,,,,,,,,,,,,,
LB, Abraham Beauplan,,,,,,,,,,,,,
LB, Clarence Hicks,,,,,,,,,,,,,
DB, Reed Blankenship,,,,,,,,,,,,,
DB, Rashad Wisdom,,,,,,,,,,,,,
DB, Beanie Bishop,,,,,,,,,,,,,
DB, Quincy Riley,,,,,,,,,,,,,
K, Hunter Duplessis,,,,,,,,,,,,,
P, Tommy Heatherly,,,,,,,,,,,,,
LS, Reeves Blankenship,,,,,,,,,,,,,
KR, Camron Harrell,,,,,,,,,,,,,
PR, Jaylin Lane,,,,,,,,,,,,,
QB, Frank Harris,,,,,,,,,,,,,
RB, DeWayne McBride,,,,,,,,,,,,,
RB, DeAndre Torrey,,,,,,,,,,,,,
WR, Mitchell Tinsley,,,,,,,,,,,,,
WR, Jason Brownlee,,,,,,,,,,,,,
WR, Tyrese Chambers,,,,,,,,,,,,,
TE, Gerrit Prince,,,,,,,,,,,,,
OL, Will Ulmer,,,,,,,,,,,,,
OL, Quantavious Leslie,,,,,,,,,,,,,
OL, Ahofitu Maka,,,,,,,,,,,,,
OL, Manase Mose,,,,,,,,,,,,,
OL, Boe Wilson,,,,,,,,,,,,,
DE, Jordan Ferguson,,,,,,,,,,,,,
DT, Dion Novil,,,,,,,,,,,,,
DT, Jaylon Haynes,,,,,,,,,,,,,
DE, Alex Wright,,,,,,,,,,,,,
LB, Breon Hayward,,,,,,,,,,,,,
LB, Tyler Grubbs,,,,,,,,,,,,,
LB, DQ Thomas,,,,,,,,,,,,,
DB, Steven Gilmore,,,,,,,,,,,,,
DB, Micah Abraham,,,,,,,,,,,,,
DB, Grayson Cash,,,,,,,,,,,,,
DB, Richard Dames,,,,,,,,,,,,,
K, Brayden Narveson,,,,,,,,,,,,,
P, Lucas Dean,,,,,,,,,,,,,
LS, Caleb Cantrell,,,,,,,,,,,,,
KR, Jayden Harrison,,,,,,,,,,,,,
PR, Smoke Harris,,,,,,,,,,,,,
QB, Gavin Hardison,,,,,,,,,,,,,
QB, Dylan Hopkins,,,,,,,,,,,,,
QB, Chris Reynolds,,,,,,,,,,,,,
QB, Grant Wells,,,,,,,,,,,,,
RB, Jermaine Brown,,,,,,,,,,,,,
RB, Johnny Ford,,,,,,,,,,,,,
RB, Frank Gore,,,,,,,,,,,,,
RB, D’Vonte Price,,,,,,,,,,,,,
RB, Blake Watson,,,,,,,,,,,,,
WR, Jake Bailey,,,,,,,,,,,,,
WR, Joshua Cephus,,,,,,,,,,,,,
WR, Grant DuBose,,,,,,,,,,,,,
WR, Corey Gammage,,,,,,,,,,,,,
WR, Smoke Harris,,,,,,,,,,,,,
WR, Tre Harris,,,,,,,,,,,,,
WR, Ali Jennings III,,,,,,,,,,,,,
WR, Willie Johnson,,,,,,,,,,,,,
WR, Trea Shropshire,,,,,,,,,,,,,
TE, Joey Beljan,,,,,,,,,,,,,
TE, Ryan Carriere,,,,,,,,,,,,,
TE, Xavier Gaines,,,,,,,,,,,,,
TE, Jimmy Marshall,,,,,,,,,,,,,
TE, Jordan Myers,,,,,,,,,,,,,
TE, Jason Pirtle,,,,,,,,,,,,,
OL, Shea Baker,,,,,,,,,,,,,
OL, Jacob Brammer,,,,,,,,,,,,,
OL, Jeremiah Byers,,,,,,,,,,,,,
OL, Bobby DeHaro,,,,,,,,,,,,,
OL, Abraham Delfin,,,,,,,,,,,,,
OL, Ashton Gist,,,,,,,,,,,,,
OL, Makai Hart,,,,,,,,,,,,,
OL, Terrell Haynes,,,,,,,,,,,,,
OL, Hunter Kelly,,,,,,,,,,,,,
OL, Elijah Klein,,,,,,,,,,,,,
OL, Darta Lee,,,,,,,,,,,,,
OL, Andrew Meyer,,,,,,,,,,,,,
OL, Joshua Mote,,,,,,,,,,,,,
OL, Jordan Palmer,,,,,,,,,,,,,
OL, Nick Saldiveri,,,,,,,,,,,,,
OL, Andrew Smith,,,,,,,,,,,,,
OL, Rusty Staats,,,,,,,,,,,,,
OL, Kadeem Telfort,,,,,,,,,,,,,
OL, Matthew Trehern,,,,,,,,,,,,,
OL, Khalique Washington,,,,,,,,,,,,,
OL, Isaac Weaver,,,,,,,,,,,,,
OL, Jovaun Woolford,,,,,,,,,,,,,
DE, Josh Carr,,,,,,,,,,,,,
DE, Mykol Clark,,,,,,,,,,,,,
DE, Koby Cumberlander,,,,,,,,,,,,,
DE, Lorenzo Dantzler,,,,,,,,,,,,,
DE, Ikenna Enechukwu,,,,,,,,,,,,,
DE, Antonio Moultrie,,,,,,,,,,,,,
DE, Grayson Murphy,,,,,,,,,,,,,
DE, Jadrian Taylor,,,,,,,,,,,,,
DE, Markees Watts,,,,,,,,,,,,,
DE, Charles Wiley,,,,,,,,,,,,,
DT, Evan Anderson,,,,,,,,,,,,,
DT, Brandon Brown,,,,,,,,,,,,,
DT, Jeremy Darvin,,,,,,,,,,,,,
DT, Jamare Edwards,,,,,,,,,,,,,
DT, T.J. Johnson,,,,,,,,,,,,,
DT, Kelton Moss,,,,,,,,,,,,,
DT, Keivie Rose,,,,,,,,,,,,,
DT, Darius Shipp,,,,,,,,,,,,,
DT, Mi’Cario Stanley,,,,,,,,,,,,,
DT, Keenan Stewart,,,,,,,,,,,,,
DT, Davon Strickland,,,,,,,,,,,,,
LB, Trey Baldwin,,,,,,,,,,,,,
LB, Ezekiel Barnett,,,,,,,,,,,,,
LB, Trevor Harmanson,,,,,,,,,,,,,
LB, Kyle Harrell,,,,,,,,,,,,,
LB, Ryan Henry,,,,,,,,,,,,,
LB, Will Ignont,,,,,,,,,,,,,
LB, Tyrice Knight,,,,,,,,,,,,,
LB, Santrell Latham,,,,,,,,,,,,,
LB, Jamal Ligon,,,,,,,,,,,,,
LB, Hayes Maples,,,,,,,,,,,,,
LB, Tyler Murray,,,,,,,,,,,,,
LB, Eli Neal,,,,,,,,,,,,,
LB, Noah Wilder,,,,,,,,,,,,,
LB, Jordan Young,,,,,,,,,,,,,
DB, Dennis Barnes,,,,,,,,,,,,,
DB, Will Boler,,,,,,,,,,,,,
DB, A.J. Brathwaite,,,,,,,,,,,,,
DB, Baylen Buchanan,,,,,,,,,,,,,
DB, Roger Cray,,,,,,,,,,,,,
DB, Zyon Gilbert,,,,,,,,,,,,,
DB, Gregory Grate,,,,,,,,,,,,,
DB, Kahlef Hailassie,,,,,,,,,,,,,
DB, Tre Hawkins III,,,,,,,,,,,,,
DB, Jordan Helm,,,,,,,,,,,,,
DB, Dy’Vonne Inyang,,,,,,,,,,,,,
DB, Nazeeh Johnson,,,,,,,,,,,,,
DB, R’Tarriun Johnson,,,,,,,,,,,,,
DB, Antwon Kincade,,,,,,,,,,,,,
DB, Khalil Ladler,,,,,,,,,,,,,
DB, Corey Mayfield,,,,,,,,,,,,,
DB, Cory McCoy,,,,,,,,,,,,,
DB, Naeem Smith,,,,,,,,,,,,,
DB, Malik Shorts,,,,,,,,,,,,,
DB, Keondre Swoopes,,,,,,,,,,,,,
DB, Gabe Taylor,,,,,,,,,,,,,
DB, Starling Thomas V,,,,,,,,,,,,,
DB, BeeJay Williamson,,,,,,,,,,,,,
DB, Tariq Woolen,,,,,,,,,,,,,
DB, Teja Young,,,,,,,,,,,,,
K, Gavin Baechle,,,,,,,,,,,,,
K, Jacob Barnes,,,,,,,,,,,,,
K, Ethan Mooney,,,,,,,,,,,,,
K, Nick Rice,,,,,,,,,,,,,
P,Kyle Greenwell,,,,,,,,,,,,,
P,John Haggerty III,,,,,,,,,,,,,
P,Matt Hayball,,,,,,,,,,,,,
P,Mason Hunt,,,,,,,,,,,,,
LS,Zach Appio,,,,,,,,,,,,,
LS,Jake Bowman,,,,,,,,,,,,,
LS,Nate Durham,,,,,,,,,,,,,
LS,Cole Kizziah,,,,,,,,,,,,,
LS,Cameron Lyons,,,,,,,,,,,,,
LS,Nicholas Marino,,,,,,,,,,,,,
KR,Beanie Bishop,,,,,,,,,,,,,
KR,Shadrick Byrd,,,,,,,,,,,,,
KR,LaMareon James,,,,,,,,,,,,,
KR,Jaylin Lane,,,,,,,,,,,,,
KR,Dadrian Taylor,,,,,,,,,,,,,
PR,Isiah Paige,,,,,,,,,,,,,
PR,Starling Thomas V,,,,,,,,,,,,,
QB, Grant Wells,,,,,,,,,,,,,
RB, Brenden Knox,,,,,,,,,,,,,
RB, Sincere McCormick,,,,,,,,,,,,,
OL, Kody Russey,,,,,,,,,,,,,
OL, Cain Madden,,,,,,,,,,,,,
OL, Josh Ball,,,,,,,,,,,,,
OL, Colby Ragland,,,,,,,,,,,,,
OL, Sidney Wells,,,,,,,,,,,,,
TE, Xavier Gaines,,,,,,,,,,,,,
WR, Jaelon Darden,,,,,,,,,,,,,
WR, Austin Trammell,,,,,,,,,,,,,
WR, Austin Watkins,,,,,,,,,,,,,
DT, Milton Williams,,,,,,,,,,,,,
DT, Dion Novil,,,,,,,,,,,,,
DE, Darius Hodge,,,,,,,,,,,,,
DE, Jordan Smith,,,,,,,,,,,,,
DE, DeAngelo Malone,,,,,,,,,,,,,
LB, Tavante Beckett,,,,,,,,,,,,,
LB, Blaze Alldredge,,,,,,,,,,,,,
LB, Kristopher Moll,,,,,,,,,,,,,
DB, BeeJay Williamson,,,,,,,,,,,,,
DB, Steven Gilmore,,,,,,,,,,,,,
DB, Gregory Grate,,,,,,,,,,,,,
DB, Rashad Wisdom,,,,,,,,,,,,,
K, Hunter Duplessis,,,,,,,,,,,,,
P, Lucas Dean,,,,,,,,,,,,,
KR, Wayne Toussant,,,,,,,,,,,,,
PR, Talik Keaton,,,,,,,,,,,,,
RB, Spencer Brown,,,,,,,,,,,,,
RB, Frank Gore,,,,,,,,,,,,,
OL, Alex Mollette,,,,,,,,,,,,,
OL, Jacob Brammer,,,,,,,,,,,,,
OL, Ahofitu Maka,,,,,,,,,,,,,
OL, Makai Hart,,,,,,,,,,,,,
OL, Spencer Burford,,,,,,,,,,,,,
OL, Jordan Meredith,,,,,,,,,,,,,
TE, Jordan Myers,,,,,,,,,,,,,
TE, Hayden Pittman,,,,,,,,,,,,,
WR, Victor Tucker,,,,,,,,,,,,,
WR, Adrian Hardy,,,,,,,,,,,,,
WR, Jacob Cowing,,,,,,,,,,,,,
DT, Jamare Edwards,,,,,,,,,,,,,
DT, Antonio Moultrie,,,,,,,,,,,,,
DE, Leighton McCarthy,,,,,,,,,,,,,
DE, Praise Amaewhule,,,,,,,,,,,,,
LB, Trey Baldwin,,,,,,,,,,,,,
LB, Tyler Grubbs,,,,,,,,,,,,,
LB, Hayes Maples,,,,,,,,,,,,,
LB, Noah Wilder,,,,,,,,,,,,,
DB, Nazeeh Johnson,,,,,,,,,,,,,
DB, Brontae Harris,,,,,,,,,,,,,
DB, TD Marshall,,,,,,,,,,,,,
DB, Devon Key,,,,,,,,,,,,,
DB, Dionté Ruffin,,,,,,,,,,,,,
K, Brayden Narveson,,,,,,,,,,,,,
P, John Haggerty,,,,,,,,,,,,,
KR, Lexington Joseph,,,,,,,,,,,,,
PR, Smoke Harris,,,,,,,,,,,,,
LS, Reeves Blankenship,,,,,,,,,,,,,
LS , Jacob Fuqua,,,,,,,,,,,,,
QB , Asher O’Hara,,,,,,,,,,,,,
QB , Chris Reynolds,,,,,,,,,,,,,
QB , Mike Collins,,,,,,,,,,,,,
QB , Frank Harris,,,,,,,,,,,,,
RB , Aaron McAllister,,,,,,,,,,,,,
RB , D’Vonte Price,,,,,,,,,,,,,
RB , Israel Tucker,,,,,,,,,,,,,
RB , DeAndre Torrey,,,,,,,,,,,,,
RB , Deion Hankins,,,,,,,,,,,,,
OL , Jaelin Fisher,,,,,,,,,,,,,
OL , Shane McGough,,,,,,,,,,,,,
OL , Abraham Delfin,,,,,,,,,,,,,
OL , Joshua Mote,,,,,,,,,,,,,
OL , Robert Jones,,,,,,,,,,,,,
OL , Anterrious Gray,,,,,,,,,,,,,
OL , Manase Mose,,,,,,,,,,,,,
OL , Clay Servin,,,,,,,,,,,,,
OL , Jovaun Woolford,,,,,,,,,,,,,
OL , Shea Baker,,,,,,,,,,,,,
OL , Arvin Fletcher,,,,,,,,,,,,,
OL , Khalique Washington,,,,,,,,,,,,,
OL , Matthew Trehern,,,,,,,,,,,,,
OL , Andrew Meyer,,,,,,,,,,,,,
OL , Bobby DeHaro,,,,,,,,,,,,,
OL , Cole Spencer,,,,,,,,,,,,,
OL , Mason Brooks,,,,,,,,,,,,,
TE , Jason Pirtle,,,,,,,,,,,,,
TE , Gerrit Prince,,,,,,,,,,,,,
TE , Leroy Watson,,,,,,,,,,,,,
TE , Joshua Simon,,,,,,,,,,,,,
WR , CeeJay Powell,,,,,,,,,,,,,
WR , Smoke Harris,,,,,,,,,,,,,
WR , Jarrin Pierce,,,,,,,,,,,,,
WR , Jake Bailey,,,,,,,,,,,,,
WR , Jason Brownlee,,,,,,,,,,,,,
WR , Myron Mitchell,,,,,,,,,,,,,
WR , Justin Garrett,,,,,,,,,,,,,
WR , Joshua Cephus,,,,,,,,,,,,,
WR , Zakhari Franklin,,,,,,,,,,,,,
WR , Xavier Lane,,,,,,,,,,,,,
DT , Timmy Horne,,,,,,,,,,,,,
DT , Davon Strickland,,,,,,,,,,,,,
DT , Jaylen Joyner,,,,,,,,,,,,,
DT , De’braylon Carroll,,,,,,,,,,,,,
DT , Tahj Sykes,,,,,,,,,,,,,
DT , Tyree Turner,,,,,,,,,,,,,
DT , Keenan Stewart,,,,,,,,,,,,,
DT , Brandon Matterson,,,,,,,,,,,,,
DT , Jaylon Haynes,,,,,,,,,,,,,
DT , Jeremy Darvin,,,,,,,,,,,,,
DT , Ricky Barber,,,,,,,,,,,,,
DE , Romeo McKnight,,,,,,,,,,,,,
DE , Tyriq Harris,,,,,,,,,,,,,
DE , Eric Kendzior,,,,,,,,,,,,,
DE , Lorenzo Dantzler,,,,,,,,,,,,,
LB , Tyler Murray,,,,,,,,,,,,,
LB , Ahman Ross,,,,,,,,,,,,,
LB , Caliph Brice,,,,,,,,,,,,,
LB , Ezekiel Barnett,,,,,,,,,,,,,
LB , Eli Neal,,,,,,,,,,,,,
LB , KD Davis,,,,,,,,,,,,,
LB , Santrell Latham,,,,,,,,,,,,,
LB , Stephen Forester,,,,,,,,,,,,,
LB , Charles Wiley,,,,,,,,,,,,,
LB , Trevor Harmanson,,,,,,,,,,,,,
LB , Eli Brown,,,,,,,,,,,,,
LB , Kyle Bailey,,,,,,,,,,,,,
DB , Ben DeLuca,,,,,,,,,,,,,
DB , Dorian Hall,,,,,,,,,,,,,
DB , Josh Turner,,,,,,,,,,,,,
DB , Richard Dames,,,,,,,,,,,,,
DB , Rishard Dames,,,,,,,,,,,,,
DB , Jordan Helm,,,,,,,,,,,,,
DB , Teja Young,,,,,,,,,,,,,
DB , Zyon Gilbert,,,,,,,,,,,,,
DB , Khalil Ladler,,,,,,,,,,,,,
DB , Zach Hannibal,,,,,,,,,,,,,
DB , Brandon Drayton,,,,,,,,,,,,,
DB , Makyle Sanders,,,,,,,,,,,,,
DB , Malik Shorts,,,,,,,,,,,,,
DB , Natrone Brooks,,,,,,,,,,,,,
DB , Tyler Barnes,,,,,,,,,,,,,
DB , Damon Miller,,,,,,,,,,,,,
DB , Dy’Jonn Turner,,,,,,,,,,,,,
DB , Will Boler,,,,,,,,,,,,,
DB , Justin Prince,,,,,,,,,,,,,
DB , Corey Mayfield,,,,,,,,,,,,,
DB , Antwon Kincade,,,,,,,,,,,,,
DB , Dominique Bradshaw,,,,,,,,,,,,,
DB , Trae Meadows,,,,,,,,,,,,,
K , Jacob Barnes,,,,,,,,,,,,,
K , Briggs Bourgeois,,,,,,,,,,,,,
K , Matt Quinn,,,,,,,,,,,,,
P , Connor Bowler,,,,,,,,,,,,,
P , Tommy Heatherly,,,,,,,,,,,,,
P , Matt Hayball,,,,,,,,,,,,,
P , Bernardo Rodriguez,,,,,,,,,,,,,
KR , Deion Hair,,,,,,,,,,,,,
KR , Austin Trammell,,,,,,,,,,,,,
KR , Duron Lowe,,,,,,,,,,,,,
KR , Brennon Dingle,,,,,,,,,,,,,
PR , Jake Bailey,,,,,,,,,,,,,
PR , Justin Garrett,,,,,,,,,,,,,
LS , Tommy Zozus,,,,,,,,,,,,,
LS , Zach Appio,,,,,,,,,,,,,
LS , Nate Durham,,,,,,,,,,,,,
LS , Brody Butler,,,,,,,,,,,,,
LS , T.J. Harvey,,,,,,,,,,,,,
LS , Caleb Cantrell,,,,,,,,,,,,,
LS , Matt Baldeck,,,,,,,,,,,,,
QB, Chris Robison,,,,,,,,,,,,,
QB, J’Mar Smith,,,,,,,,,,,,,
RB, Benny LeMay,,,,,,,,,,,,,
RB, Brenden Knox,,,,,,,,,,,,,
OL, Cameron Clark,,,,,,,,,,,,,
OL, Junior Diaz,,,,,,,,,,,,,
OL, Brandon Walton,,,,,,,,,,,,,
OL, Levi Brown,,,,,,,,,,,,,
OL, Miles Pate,,,,,,,,,,,,,
TE, Harrison Bryant,,,,,,,,,,,,,
WR, Jaelon Darden,,,,,,,,,,,,,
WR, Quez Watkins,,,,,,,,,,,,,
WR, Lucky Jackson,,,,,,,,,,,,,
DT, Channing Hames,,,,,,,,,,,,,
DT, Garrett Marino,,,,,,,,,,,,,
DE, Alex Highsmith,,,,,,,,,,,,,
DE, DeAngelo Malone,,,,,,,,,,,,,
LB, Tavante Beckett,,,,,,,,,,,,,
LB, Blaze Alldredge,,,,,,,,,,,,,
LB, Kristopher Moll,,,,,,,,,,,,,
DB, Meiko Dotson,,,,,,,,,,,,,
DB, Amik Robertson,,,,,,,,,,,,,
DB, Chris Jackson,,,,,,,,,,,,,
DB, DQ Thomas,,,,,,,,,,,,,
K, Justin Rohrwasser,,,,,,,,,,,,,
P, John Haggerty,,,,,,,,,,,,,
KR, Jaylond Adams,,,,,,,,,,,,,
PR, Talik Keaton,,,,,,,,,,,,,
RB, Justin Henderson,,,,,,,,,,,,,
RB, Gaej Walker,,,,,,,,,,,,,
OL, Ethan Reed,,,,,,,,,,,,,
OL, Cain Madden,,,,,,,,,,,,,
OL, Elex Woodworth,,,,,,,,,,,,,
OL, Drake Dorbeck,,,,,,,,,,,,,
OL, Derron Gatewood,,,,,,,,,,,,,
TE, Armani Levias,,,,,,,,,,,,,
WR, Tim Jones,,,,,,,,,,,,,
WR, Austin Watkins,,,,,,,,,,,,,
WR, Jahcour Pearson,,,,,,,,,,,,,
DT, Courtney Wallace,,,,,,,,,,,,,
DT, Demarrio Smith,,,,,,,,,,,,,
DT, Denzel Chukwukelu,,,,,,,,,,,,,
DE, Keion White,,,,,,,,,,,,,
DE, Jordan Smith,,,,,,,,,,,,,
LB, Sage Lewis,,,,,,,,,,,,,
LB, Akileis Leroy,,,,,,,,,,,,,
LB, Omari Cobb,,,,,,,,,,,,,
LB, Lawrence Garner,,,,,,,,,,,,,
DB, Stantley Thomas,,,,,,,,,,,,,
DB, L’Jarius Sneed,,,,,,,,,,,,,
DB, Reed Blankenship,,,,,,,,,,,,,
DB, Kaleb Ford,,,,,,,,,,,,,
K, Bailey Hale,,,,,,,,,,,,,
P, Chris Barnes,,,,,,,,,,,,,
KR, Deion Hair,,,,,,,,,,,,,
PR, Jaylond Adams,,,,,,,,,,,,,
LS, Reeves Blankenship,,,,,,,,,,,,,
LS, Jared Nash,,,,,,,,,,,,,
LS , Matt Beardall,,,,,,,,,,,,,
QB , Mason Fine,,,,,,,,,,,,,
QB , Chris Reynolds,,,,,,,,,,,,,
QB , James Morgan,,,,,,,,,,,,,
QB , Jack Abraham,,,,,,,,,,,,,
RB , Anthony Jones,,,,,,,,,,,,,
RB , Tre Siggers,,,,,,,,,,,,,
RB , De’Michael Harris,,,,,,,,,,,,,
RB , Sincere McCormick,,,,,,,,,,,,,
OL , D’Ante Demery,,,,,,,,,,,,,
OL , Devontay Taylor,,,,,,,,,,,,,
OL , Desmond Noel,,,,,,,,,,,,,
OL , Willie Allen,,,,,,,,,,,,,
OL , Drew Kirkpatrick,,,,,,,,,,,,,
OL , Kody Russey,,,,,,,,,,,,,
OL , Gewhite Stallworth,,,,,,,,,,,,,
OL , Will Gilchrist,,,,,,,,,,,,,
OL , Robert Jones,,,,,,,,,,,,,
OL , Isaac Weaver,,,,,,,,,,,,,
OL , Shea Baker,,,,,,,,,,,,,
OL , Brian Chaffin,,,,,,,,,,,,,
OL , Justin Gooseberry,,,,,,,,,,,,,
OL , Nick Leverett,,,,,,,,,,,,,
OL , Arvin Fletcher,,,,,,,,,,,,,
OL , Colby Ragland,,,,,,,,,,,,,
OL , Sidney Wells,,,,,,,,,,,,,
OL , Bobby DeHaro,,,,,,,,,,,,,
OL , Spencer Burford,,,,,,,,,,,,,
OL , Josh Dunlop,,,,,,,,,,,,,
OL , Jordan Meredith,,,,,,,,,,,,,
TE , John Raine,,,,,,,,,,,,,
TE , Jason Pirtle,,,,,,,,,,,,,
TE , Carlos Strickland II,,,,,,,,,,,,,
TE , Joshua Simon,,,,,,,,,,,,,
WR , Victor Tucker,,,,,,,,,,,,,
WR , Tony Gaiter IV,,,,,,,,,,,,,
WR , Deangelo Antoine,,,,,,,,,,,,,
WR , Adrian Hardy,,,,,,,,,,,,,
WR , Malik Stanley,,,,,,,,,,,,,
WR , Jyaire Shorter,,,,,,,,,,,,,
WR , Brad Rozner,,,,,,,,,,,,,
WR , Austin Trammell,,,,,,,,,,,,,
WR , Myron Mitchell,,,,,,,,,,,,,
DT , Ray Ellis,,,,,,,,,,,,,
DT , Milton Williams,,,,,,,,,,,,,
DT , Dion Novil,,,,,,,,,,,,,
DT , Myles Adams,,,,,,,,,,,,,
DT , Delmond Landry,,,,,,,,,,,,,
DT , Tony Fair,,,,,,,,,,,,,
DT , Jaylon Haynes,,,,,,,,,,,,,
DT , Jeremy Darvin,,,,,,,,,,,,,
DT , Jaylon George,,,,,,,,,,,,,
DE , Markees Watts,,,,,,,,,,,,,
DE , Tim Bonner,,,,,,,,,,,,,
DE , Willie Baker,,,,,,,,,,,,,
DE , Darius Hodge,,,,,,,,,,,,,
DE , LaDarius Hamilton,,,,,,,,,,,,,
DE , Derek Wilder,,,,,,,,,,,,,
DE , Jacques Turner,,,,,,,,,,,,,
DE , Fitzgerald Mofor,,,,,,,,,,,,,
DE , Eric Banks,,,,,,,,,,,,,
DE , Jarrod Carter,,,,,,,,,,,,,
LB , Jeff Gemmell,,,,,,,,,,,,,
LB , Rashad Smith,,,,,,,,,,,,,
LB , Collin Scott,,,,,,,,,,,,,
LB , Connor Taylor,,,,,,,,,,,,,
LB , KD Davis,,,,,,,,,,,,,
LB , Tyreke Davis,,,,,,,,,,,,,
LB , Racheem Boothe,,,,,,,,,,,,,
LB , Swayze Bozeman,,,,,,,,,,,,,
LB , Kyle Bailey,,,,,,,,,,,,,
DB , Nafees Lyon,,,,,,,,,,,,,
DB , Zyon Gilbert,,,,,,,,,,,,,
DB , James Pierre,,,,,,,,,,,,,
DB , Chris Tooley,,,,,,,,,,,,,
DB , Michael Sam,,,,,,,,,,,,,
DB , Nazeeh Johnson,,,,,,,,,,,,,
DB , Jovante Moffatt,,,,,,,,,,,,,
DB , Treshawn Chamberlain,,,,,,,,,,,,,
DB , Ky’el Hemby,,,,,,,,,,,,,
DB , Rachuan Mitchell,,,,,,,,,,,,,
DB , Will Boler,,,,,,,,,,,,,
DB , TD Marshall,,,,,,,,,,,,,
DB , Dy’Jonn Turner,,,,,,,,,,,,,
DB , Michael Lewis,,,,,,,,,,,,,
DB , Ta’Corian Darden,,,,,,,,,,,,,
DB , Devon Key,,,,,,,,,,,,,
DB , Antwon Kincade,,,,,,,,,,,,,
DB , Trae Meadows,,,,,,,,,,,,,
K , Ethan Mooney,,,,,,,,,,,,,
K , Andrew Stein,,,,,,,,,,,,,
K , Nick Vogel,,,,,,,,,,,,,
K , Gavin Baechle,,,,,,,,,,,,,
P , Tommy Heatherly,,,,,,,,,,,,,
P , Alvin Kenworthy,,,,,,,,,,,,,
KR , Deangelo Antoine,,,,,,,,,,,,,
KR , Blake Watson,,,,,,,,,,,,,
KR , Myron Mitchell,,,,,,,,,,,,,
KR , Duron Lowe,,,,,,,,,,,,,
PR , Darrell Brown,,,,,,,,,,,,,
PR , Justin Garrett,,,,,,,,,,,,,
LS , Jonathan Sullivan,,,,,,,,,,,,,
LS , Nate Durham,,,,,,,,,,,,,
LS , Campbell Riddle,,,,,,,,,,,,,
LS , T.J. Harvey,,,,,,,,,,,,,
LS , Jacob Fuqua,,,,,,,,,,,,,
QB,Chevan Cordeiro,,,,,,,,,,,,,
WR,Tory Horton,,,,,,,,,,,,,
WR,Ricky White III,,,,,,,,,,,,,
WR,Jalen Royals,,,,,,,,,,,,,
RB,Ashton Jeanty,,,,,,,,,,,,,
RB,Kairee Robinson,,,,,,,,,,,,,
TE,Dallin Holker,,,,,,,,,,,,,
OL,Thor Paglialong,,,,,,,,,,,,,
OL,Cade Beresford,,,,,,,,,,,,,
OL,JC Davis,,,,,,,,,,,,,
OL,Tiger Shanks,,,,,,,,,,,,,
OL,Frank Crum,,,,,,,,,,,,,
PK,Jose Pizano,,,,,,,,,,,,,
KR,Jacob De Jesus,,,,,,,,,,,,,
DL,PJ Ramsey,,,,,,,,,,,,,
DL,Ahmed Hassanein,,,,,,,,,,,,,
DL,Mohamed Kamara,,,,,,,,,,,,,
DL,Tre Smith,,,,,,,,,,,,,
LB,Bo Richter,,,,,,,,,,,,,
LB,Jackson Woodard,,,,,,,,,,,,,
LB,MJ Tafisi Jr.,,,,,,,,,,,,,
LB,Easton Gibbs,,,,,,,,,,,,,
DB,Trey Taylor,,,,,,,,,,,,,
DB,Jack Howell,,,,,,,,,,,,,
DB,Emany Johnson,,,,,,,,,,,,,
DB,Ike Larsen,,,,,,,,,,,,,
P,James Ferguson-Reynolds,,,,,,,,,,,,,
PR,Jacob De Jesus,,,,,,,,,,,,,
QB,Jayden Maiava,,,,,,,,,,,,,
WR,Steven McBride,,,,,,,,,,,,,
WR,Nick Nash,,,,,,,,,,,,,
WR,Terrell Vaughn,,,,,,,,,,,,,
RB,Emmanuel Michel,,,,,,,,,,,,,
RB,Jacory Croskey-Merritt,,,,,,,,,,,,,
TE,Mark Redman,,,,,,,,,,,,,
OL,Adam Karas,,,,,,,,,,,,,
OL,Kage Casey,,,,,,,,,,,,,
OL,Jacob Gardner,,,,,,,,,,,,,
OL,Mose Vavao,,,,,,,,,,,,,
OL,Cade Bennett,,,,,,,,,,,,,
PK,Jonah Dalmas,,,,,,,,,,,,,
KR,Terrell Vaughn,,,,,,,,,,,,,
DL,Jalen Dixon,,,,,,,,,,,,,
DL,Devo Bridges,,,,,,,,,,,,,
DL,Soane Toia,,,,,,,,,,,,,
DL,Jordan Bertagnole,,,,,,,,,,,,,
LB,Alec Mock,,,,,,,,,,,,,
LB,Andrew Simpson,,,,,,,,,,,,,
LB,Chase Wilson,,,,,,,,,,,,,
LB,Levelle Bailey,,,,,,,,,,,,,
DB,Carlton Johnson,,,,,,,,,,,,,
DB,Morice Norris Jr.,,,,,,,,,,,,,
DB,Noah Tumblin,,,,,,,,,,,,,
DB,Cameron Oliver,,,,,,,,,,,,,
P,Jack Browning,,,,,,,,,,,,,
PR,Tory Horton,,,,,,,,,,,,,
QB,Jake Haener,,,,,,,,,,,,,
WR,Tory Horton,,,,,,,,,,,,,
WR,Jalen Moreno-Cropper,,,,,,,,,,,,,
WR,Elijah Cooks,,,,,,,,,,,,,
RB,Brad Roberts,,,,,,,,,,,,,
RB,Jordan Mims,,,,,,,,,,,,,
TE,Caleb Phillips,,,,,,,,,,,,,
OL,Isaac Cochran,,,,,,,,,,,,,
OL,John Ojukwu,,,,,,,,,,,,,
OL,Ilm Manning,,,,,,,,,,,,,
OL,Alama Uluave,,,,,,,,,,,,,
OL,Alfred Edwards,,,,,,,,,,,,,
PK,John Hoyland,,,,,,,,,,,,,
KR,Jordan Byrd,,,,,,,,,,,,,
DL,David Perales,,,,,,,,,,,,,
DL,Jonah Tavai,,,,,,,,,,,,,
DL,Viliami Fehoko,,,,,,,,,,,,,
DL,Cade Hall,,,,,,,,,,,,,
LB,Caden McDonald,,,,,,,,,,,,,
LB,Kyle Harmon,,,,,,,,,,,,,
LB,Austin Ajiake,,,,,,,,,,,,,
LB,Easton Gibbs,,,,,,,,,,,,,
DB,JL Skinner,,,,,,,,,,,,,
DB,Jack Howell,,,,,,,,,,,,,
DB,Bentlee Sanders,,,,,,,,,,,,,
DB,Patrick McMorris,,,,,,,,,,,,,
P,Jack Browning,,,,,,,,,,,,,
PR,Jordan Byrd,,,,,,,,,,,,,
QB,Chevan Cordeiro,,,,,,,,,,,,,
WR,Nikko Remigio,,,,,,,,,,,,,
WR,Tyrell Shavers,,,,,,,,,,,,,
WR,Brian Cobbs,,,,,,,,,,,,,
RB,George Holani,,,,,,,,,,,,,
RB,"Calvin Tyler, Jr.",,,,,,,,,,,,,
TE,Mark Redman,,,,,,,,,,,,,
OL,Everett Smalley,,,,,,,,,,,,,
OL,Cade Beresford,,,,,,,,,,,,,
OL,Bula Schmidt,,,,,,,,,,,,,
OL,Micah Vanterpool,,,,,,,,,,,,,
OL,Cade Bennett,,,,,,,,,,,,,
PK,Daniel Gutierrez,,,,,,,,,,,,,
KR,Christian Washington,,,,,,,,,,,,,
DL,Scott Matlock,,,,,,,,,,,,,
DL,Mohamed Kamara,,,,,,,,,,,,,
DL,Dom Peterson,,,,,,,,,,,,,
DL,"Adam Plant, Jr.",,,,,,,,,,,,,
LB,Vince Sanford,,,,,,,,,,,,,
LB,Ezekiel Noa,,,,,,,,,,,,,
LB,DJ Schramm,,,,,,,,,,,,,
LB,Michael Shawcroft,,,,,,,,,,,,,
DB,Trey Taylor,,,,,,,,,,,,,
DB,Evan Williams,,,,,,,,,,,,,
DB,A.J. Haulcy,,,,,,,,,,,,,
DB,Ike Larsen,,,,,,,,,,,,,
P,Aaron Rodriguez,,,,,,,,,,,,,
PR,Nikko Remigio,,,,,,,,,,,,,
QB,Carson Strong,,,,,,,,,,,,,
WR,Khalil Shakir,,,,,,,,,,,,,
WR,Romeo Doubs,,,,,,,,,,,,,
WR,Deven Thompkins,,,,,,,,,,,,,
RB,Brad Roberts,,,,,,,,,,,,,
RB,Charles Williams,,,,,,,,,,,,,
TE,Trey McBride,,,,,,,,,,,,,
OL,Hank Wimmer,,,,,,,,,,,,,
OL,John Ojukwu,,,,,,,,,,,,,
OL,Alex Akingbulu,,,,,,,,,,,,,
OL,William Dunkle,,,,,,,,,,,,,
OL,Zachary Thomas,,,,,,,,,,,,,
PK,Jonah Dalmas,,,,,,,,,,,,,
KR,Jordan Byrd,,,,,,,,,,,,,
DL,Scott Patchan,,,,,,,,,,,,,
DL,Tristan Nichols,,,,,,,,,,,,,
DL,Cameron Thomas,,,,,,,,,,,,,
DL,Viliami Fehoko,,,,,,,,,,,,,
LB,Darius Muasau,,,,,,,,,,,,,
LB,Caden McDonald,,,,,,,,,,,,,
LB,Kyle Harmon,,,,,,,,,,,,,
LB,Chad Muma,,,,,,,,,,,,,
DB,Evan Williams,,,,,,,,,,,,,
DB,Khoury Bethley,,,,,,,,,,,,,
DB,Patrick McMorris,,,,,,,,,,,,,
DB,Trenton Thompson,,,,,,,,,,,,,
P,Matt Araiza,,,,,,,,,,,,,
PR,Romeo Doubs,,,,,,,,,,,,,
QB,Jake Haener,,,,,,,,,,,,,
WR,Jalen Cropper,,,,,,,,,,,,,
WR,Calvin Turner,,,,,,,,,,,,,
WR,Isaiah Neyor,,,,,,,,,,,,,
RB,Greg Bell,,,,,,,,,,,,,
RB,Xazavian Valladay,,,,,,,,,,,,,
TE,Cole Turner,,,,,,,,,,,,,
OL,Ben Dooley,,,,,,,,,,,,,
OL,Jake Stetz,,,,,,,,,,,,,
OL,Aaron Frost,,,,,,,,,,,,,
OL,Jack Snyder,,,,,,,,,,,,,
OL,Keegan Cryder,,,,,,,,,,,,,
PK,Matt Araiza,,,,,,,,,,,,,
KR,Savon Scarver,,,,,,,,,,,,,
DL,Jordan Jackson,,,,,,,,,,,,,
DL,Scott Matlock,,,,,,,,,,,,,
DL,David Perales,,,,,,,,,,,,,
DL,Keshawn Banks,,,,,,,,,,,,,
LB,Vince Sanford,,,,,,,,,,,,,
LB,Daiyan Henley,,,,,,,,,,,,,
LB,Jacoby Windmon,,,,,,,,,,,,,
LB,Justin Rice,,,,,,,,,,,,,
DB,JL Skinner,,,,,,,,,,,,,
DB,Cortez Davis,,,,,,,,,,,,,
DB,Tayler Hawkins,,,,,,,,,,,,,
DB,C.J. Coldon,,,,,,,,,,,,,
P,Ryan Stonehouse,,,,,,,,,,,,,
PR,Stefan Cobbs,,,,,,,,,,,,,
QB,Carson Strong,,,,,,,,,,,,,
WR,Khalil Shakir,,,,,,,,,,,,,
WR,Romeo Doubs,,,,,,,,,,,,,
WR,Bailey Gaither,,,,,,,,,,,,,
RB,Ronnie Rivers,,,,,,,,,,,,,
RB,Xazavian Valladay,,,,,,,,,,,,,
TE,Cole Turner,,,,,,,,,,,,,
OL,Parker Ferguson,,,,,,,,,,,,,
OL,Nolan Laufenberg,,,,,,,,,,,,,
OL,Kyle Spalding,,,,,,,,,,,,,
OL,Jack Snyder,,,,,,,,,,,,,
OL,Keegan Cryder,,,,,,,,,,,,,
PK,Brandon Talton,,,,,,,,,,,,,
KR,Avery Williams,,,,,,,,,,,,,
DL,Scott Patchan,,,,,,,,,,,,,
DL,Cameron Thomas,,,,,,,,,,,,,
DL,Cade Hall,,,,,,,,,,,,,
DL,Viliami Fehoko,,,,,,,,,,,,,
LB,Darius Muasau,,,,,,,,,,,,,
LB,Caden McDonald,,,,,,,,,,,,,
LB,Kyle Harmon,,,,,,,,,,,,,
LB,Chad Muma,,,,,,,,,,,,,
DB,Avery Williams,,,,,,,,,,,,,
DB,Jerrick Reed,,,,,,,,,,,,,
DB,Darren Hall,,,,,,,,,,,,,
DB,Tariq Thompson,,,,,,,,,,,,,
P,Ryan Stonehouse,,,,,,,,,,,,,
PR,Avery Williams,,,,,,,,,,,,,
QB,Nick Starkel,,,,,,,,,,,,,
WR,Dante Wright,,,,,,,,,,,,,
WR,Calvin Turner,,,,,,,,,,,,,
WR,Tre Walker,,,,,,,,,,,,,
RB,Toa Taua,,,,,,,,,,,,,
RB,Greg Bell,,,,,,,,,,,,,
TE,Trey McBride,,,,,,,,,,,,,
OL,John Ojukwu,,,,,,,,,,,,,
OL,Jake Stetz,,,,,,,,,,,,,
OL,Syrus Tuitele,,,,,,,,,,,,,
OL,Aaron Frost,,,,,,,,,,,,,
OL,Zachary Thomas,,,,,,,,,,,,,
PK,John Hoyland,,,,,,,,,,,,,
KR,Jordan Byrd,,,,,,,,,,,,,
DL,Shane Irwin,,,,,,,,,,,,,
DL,David Perales,,,,,,,,,,,,,
DL,Dom Peterson,,,,,,,,,,,,,
DL,Sam Hammond,,,,,,,,,,,,,
LB,Riley Whimpey,,,,,,,,,,,,,
LB,Dequan Jackson,,,,,,,,,,,,,
LB,Lawson Hall,,,,,,,,,,,,,
LB,Brandon Shook,,,,,,,,,,,,,
DB,Kekaula Kaniho,,,,,,,,,,,,,
DB,Jalen Walker,,,,,,,,,,,,,
DB,Cortez Davis,,,,,,,,,,,,,
DB,Tre Jenkins,,,,,,,,,,,,,
P,Tanner Kuljian,,,,,,,,,,,,,
PR,Romeo Doubs,,,,,,,,,,,,,
QB,Josh Love,,,,,,,,,,,,,
WR,Warren Jackson,,,,,,,,,,,,,
WR,Cedric Byrd II,,,,,,,,,,,,,
WR,Tre Walker,,,,,,,,,,,,,
RB,Charles Williams,,,,,,,,,,,,,
RB,Xazavian Valladay,,,,,,,,,,,,,
TE,Trey McBride,,,,,,,,,,,,,
OL,Scott Hattok,,,,,,,,,,,,,
OL,Nolan Laufenberg,,,,,,,,,,,,,
OL,Ezra Cleveland,,,,,,,,,,,,,
OL,John Molchon,,,,,,,,,,,,,
OL,Keith Ismael,,,,,,,,,,,,,
PK,Dominik Eberle,,,,,,,,,,,,,
KR,Savon Scarver,,,,,,,,,,,,,
DL,Mosese Fifita,,,,,,,,,,,,,
DL,Curtis Weaver,,,,,,,,,,,,,
DL,Dom Peterson,,,,,,,,,,,,,
DL,Myles Cheatum,,,,,,,,,,,,,
DL,Cameron Thomas,,,,,,,,,,,,,
LB,Justin Rice,,,,,,,,,,,,,
LB,Mykal Walker,,,,,,,,,,,,,
LB,Kyahva Tezino,,,,,,,,,,,,,
LB,David Woodward,,,,,,,,,,,,,
LB,Logan Wilson,,,,,,,,,,,,,
DB,Kekaula Kaniho,,,,,,,,,,,,,
DB,Jamal Hicks,,,,,,,,,,,,,
DB,Luq Barcoo,,,,,,,,,,,,,
DB,Alijah Halliburton,,,,,,,,,,,,,
P,Ryan Stonehouse,,,,,,,,,,,,,
PR,Avery Williams,,,,,,,,,,,,,
QB,Cole McDonald,,,,,,,,,,,,,
WR,John Hightower,,,,,,,,,,,,,
WR,JoJo Ward,,,,,,,,,,,,,
WR,Siaosi Mariner,,,,,,,,,,,,,
RB,George Holani,,,,,,,,,,,,,
RB,Ronnie Rivers,,,,,,,,,,,,,
TE,Parker Houston,,,,,,,,,,,,,
OL,Connor Vikupitz,,,,,,,,,,,,,
OL,Garrett Larson,,,,,,,,,,,,,
OL,Ilm Manning,,,,,,,,,,,,,
OL,Daishawn Dixon,,,,,,,,,,,,,
OL,Keegan Cryder,,,,,,,,,,,,,
PK,Brandon Talton,,,,,,,,,,,,,
KR,John Hightower,,,,,,,,,,,,,
DL,Chase Hatada,,,,,,,,,,,,,
DL,David Moa,,,,,,,,,,,,,
DL,Keshawn Banks,,,,,,,,,,,,,
DL,Tipa Galeai,,,,,,,,,,,,,
LB,Kyle Johnson,,,,,,,,,,,,,
LB,Demonte Meeks,,,,,,,,,,,,,
LB,Riley Whimpey,,,,,,,,,,,,,
LB,Ethan Aguayo,,,,,,,,,,,,,
DB,Kekoa Nawahine,,,,,,,,,,,,,
DB,Jalen Walker,,,,,,,,,,,,,
DB,Tariq Thompson,,,,,,,,,,,,,
DB,Jericho Flowers,,,,,,,,,,,,,
P,Tyson Dyer,,,,,,,,,,,,,
PR,Austin Conway,,,,,,,,,,,,,